<?xml version="1.0"?>
<!DOCTYPE I2CEConfiguration SYSTEM "I2CE_Configuration.dtd">
<I2CEConfiguration name="leave">
  <metadata>
    <displayName>Leave</displayName>
    <className>iHRIS_Module_Leave</className>
    <category>Application Component</category>
    <creator>Ally Shaban</creator>
    <email>allyshaban5@gmail.com</email>
    <link>https://launchpad.net/ihris-manage</link>
    <description>Leave Tracking Module</description>
    <version>4.2.2.13</version>
    <path name="configs">
      <value>./configs</value>
    </path>
    <requirement name="Person">
      <atLeast version="4.2" />
      <lessThan version="4.3" />
    </requirement>
    <requirement name="leave_data">
      <atLeast version="4.2" />
      <lessThan version="4.3" />
    </requirement>
    <path name="modules">
      <value>./modules</value>
    </path>
    <path name="classes">
      <value>./lib</value>
    </path>
    <path name="templates">
      <value>./templates</value>
    </path>
    <priority>49</priority>
  </metadata>
  <configurationGroup name="leave" path="/I2CE">
    <displayName>Leave</displayName>
    <configurationGroup name="tasks" path="/I2CE/tasks/task_description">
      <configuration name="person_can_edit_child_form_leave_request" locale="en_US">
        <value>Can edit child form leave_request</value>
      </configuration>
      <configuration name="person_can_view_child_form_leave_request" locale="en_US">
        <value>Can view child form leave_request</value>
      </configuration>
      <configuration name="can_edit_database_list_leave_category" locale="en_US">
        <value>Edit the leave category type list</value>
      </configuration>
      <configuration name="can_view_database_list_leave_category" locale="en_US">
        <value>View the leave category type list</value>
      </configuration>
      <configuration name="can_edit_database_list_leave_cycle" locale="en_US">
        <value>Edit the leave cycle type list</value>
      </configuration>
      <configuration name="can_view_database_list_leave_cycle" locale="en_US">
        <value>View the leave cycle type list</value>
      </configuration>
    </configurationGroup>
    <configurationGroup name="tasks_trickle_down" path="/I2CE/tasks/task_trickle_down/">
      <configuration name="can_edit_database_list_leave_cycle" values="many">
        <value>can_edit_database_lists</value>
        <value>can_edit_employee_database_lists</value>
        <value>can_view_database_list_leave_cycle</value>
      </configuration>
      <configuration name="can_edit_all_employee_database_lists" values="many">
        <value>can_edit_database_list_leave_cycle</value>
      </configuration>
      <configuration name="can_view_all_employee_database_lists" values="many">
        <value>can_view_database_list_leave_cycle</value>
      </configuration>
      <configuration name="person_can_view_child_form_leave_request" values="many">
        <value>person_can_view</value>
      </configuration>
      <configuration name="person_can_edit_child_form_person_leave_request" values="many">
        <value>person_can_view_child_form_person_leave_request</value>
        <value>person_can_view</value>
      </configuration>
    </configurationGroup>
    <configurationGroup name="forms" path="/modules/forms">
      <displayName>Forms</displayName>
      <configurationGroup name="forms">
        <displayName>Forms available to the form factory</displayName>
        <status>advanced:true</status>
        <status>required:true</status>
        <configurationGroup name="leave_category">
          <displayName>Leave Category</displayName>
          <description>The Leave Category Form</description>
          <configuration name="class" values="single">
            <displayName>Class Name</displayName>
            <description>The name of the class providing the form</description>
            <value>iHRIS_LeaveCategory</value>
          </configuration>
          <configuration name="storage" values="single">
            <displayName>Storage</displayName>
            <description>The form storage used by this form</description>
            <value>magicdata</value>
          </configuration>
          <configuration name="display" values="single" locale="en_US">
            <displayName>Display name</displayName>
            <description>The display name for this form</description>
            <value>Leave Category</value>
          </configuration>
        </configurationGroup>
        <configurationGroup name="leave_status">
          <version>4.2.2.12</version>
          <displayName>Leave Status</displayName>
          <description>The Leave Status Form</description>
          <configuration name="class" values="single">
            <displayName>Class Name</displayName>
            <description>The name of the class providing the form</description>
            <value>I2CE_SimpleList</value>
          </configuration>
          <configuration name="storage" values="single">
            <displayName>Storage</displayName>
            <description>The form storage used by this form</description>
            <value>magicdata</value>
          </configuration>
          <configuration name="display" values="single" locale="en_US">
            <displayName>Display name</displayName>
            <description>The display name for this form</description>
            <value>Leave Status</value>
          </configuration>
        </configurationGroup>
        <configurationGroup name="leave_cycle">
          <version>4.2.2.8</version>
          <displayName>Leave Cycle</displayName>
          <description>Defines Number Of Years Before An Employee Can Take Another Leave</description>
          <configuration name="class" values="single">
            <displayName>Class Name</displayName>
            <description>The name of the class providing the form</description>
            <value>iHRIS_LeaveCycle</value>
          </configuration>
          <configuration name="storage" values="single">
            <displayName>Storage</displayName>
            <description>The form storage used by this form</description>
            <value>magicdata</value>
          </configuration>
          <configuration name="display" values="single" locale="en_US">
            <displayName>Display name</displayName>
            <description>The display name for this form</description>
            <value>Leave Cyscle</value>
          </configuration>
        </configurationGroup>
        <configurationGroup name="leave_balance">
          <version>4.2.2.8</version>
          <displayName>Leave Cycle</displayName>
          <description>Defines Number Of Years Before An Employee Can Take Another Leave</description>
          <configuration name="class" values="single">
            <displayName>Class Name</displayName>
            <description>The name of the class providing the form</description>
            <value>iHRIS_LeaveBalance</value>
          </configuration>
          <configuration name="display" values="single" locale="en_US">
            <displayName>Display name</displayName>
            <description>The display name for this form</description>
            <value>Leave Balance</value>
          </configuration>
        </configurationGroup>
        <configurationGroup name="leave_request">
          <displayName>Competency Type</displayName>
          <description>The Competency Type Form</description>
          <configuration name="class" values="single">
            <displayName>Class Name</displayName>
            <description>The name of the class providing the form</description>
            <value>iHRIS_LeaveRequest</value>
          </configuration>
          <configuration name="display" values="single" locale="en_US">
            <displayName>Display name</displayName>
            <description>The display name for this form</description>
            <value>Leave Request</value>
          </configuration>
        </configurationGroup>
        <configurationGroup name="person">
          <displayName>Person</displayName>
          <description>The Person Form</description>
          <configurationGroup name="meta">
            <displayName>MetaData on the form</displayName>
            <configuration name="child_forms" values="many">
              <displayName>Child Forms</displayName>
              <status>uniquemerge:true</status>
              <value>leave_request</value>
            </configuration>
          </configurationGroup>
        </configurationGroup>
      </configurationGroup>
      <!-- End of /modules/forms/forms -->
      <configurationGroup name="formClasses">
        <displayName>Form Class Configuration</displayName>
        <configurationGroup name="iHRIS_LeaveCategory">
          <displayName>Configuration for the class 'iHRIS_LeaveCategory'</displayName>
          <configuration name="extends">
            <displayName>The class this form extends</displayName>
            <value>I2CE_List</value>
          </configuration>
          <configurationGroup name="fields">
            <displayName>The fields defined for this form</displayName>
            <configurationGroup name="name">
              <displayName>The field 'end_date'</displayName>
              <configuration name="formfield">
                <displayName>The form field type</displayName>
                <value>STRING_LINE</value>
              </configuration>
              <configuration name="required" type="boolean">
                <displayName>This field is required.</displayName>
                <value>true</value>
              </configuration>
              <configuration name="headers" type="delimited" locale="en_US">
                <displayName>The headers for this field.</displayName>
                <value>default:Category Name</value>
              </configuration>
            </configurationGroup>
            <configurationGroup name="days">
              <configuration name="formfield">
                <displayName>The form field type</displayName>
                <value>INT</value>
              </configuration>
              <configuration name="headers" type="delimited" locale="en_US">
                <displayName>The headers for this field.</displayName>
                <value>default:Number Of Days</value>
              </configuration>
              <configuration name="required" type="boolean">
                <displayName>This field is required.</displayName>
                <value>true</value>
              </configuration>
            </configurationGroup>
            <configurationGroup name="start_date">
              <displayName>The field 'end_date'</displayName>
              <configuration name="formfield">
                <displayName>The form field type</displayName>
                <value>DATE_MD</value>
              </configuration>
              <configuration name="headers" type="delimited" locale="en_US">
                <displayName>The headers for this field.</displayName>
                <value>default:Start Date in a Year**</value>
              </configuration>
            </configurationGroup>
            <configurationGroup name="end_date">
              <displayName>The field 'end_date'</displayName>
              <configuration name="formfield">
                <displayName>The form field type</displayName>
                <value>DATE_MD</value>
              </configuration>
              <configuration name="headers" type="delimited" locale="en_US">
                <displayName>The headers for this field.</displayName>
                <value>default:End Date in a Year**</value>
              </configuration>
            </configurationGroup>
            <configurationGroup name="leave_cycle">
              <displayName>The field 'leave_cycle'</displayName>
              <configuration name="formfield">
                <displayName>The form field type</displayName>
                <value>MAP</value>
              </configuration>
              <configuration name="headers" type="delimited" locale="en_US">
                <displayName>The headers for this field.</displayName>
                <value>default:Leave Cycle in Years (Years Before Taking Another Leave)**</value>
              </configuration>
            </configurationGroup>
          </configurationGroup>
        </configurationGroup>
        <configurationGroup name="iHRIS_LeaveRequest">
          <version>4.2.2.13</version>
          <displayName>Configuration for the class 'iHRIS_LeaveRequest'</displayName>
          <configuration name="extends">
            <displayName>The class this form extends</displayName>
            <value>I2CE_Form</value>
          </configuration>
          <configurationGroup name="fields">
            <displayName>The fields defined for this form</displayName>
            <configurationGroup name="notes">
              <displayName>The field 'end_date'</displayName>
              <configuration name="formfield">
                <displayName>The form field type</displayName>
                <value>STRING_MLINE</value>
              </configuration>
              <configuration name="headers" type="delimited" locale="en_US">
                <displayName>The headers for this field.</displayName>
                <value>default:Notes</value>
              </configuration>
            </configurationGroup>
            <configurationGroup name="leave_category">
              <displayName>The field 'leave_category'</displayName>
              <configuration name="formfield">
                <displayName>The form field type</displayName>
                <value>MAP</value>
              </configuration>
              <configuration name="required" type="boolean">
                <displayName>This field is required.</displayName>
                <value>true</value>
              </configuration>
              <configuration name="headers" type="delimited" locale="en_US">
                <displayName>The headers for this field.</displayName>
                <value>default:Leave Category</value>
              </configuration>
            </configurationGroup>
            <configurationGroup name="leave_status">
              <displayName>The field 'leave_status'</displayName>
              <configuration name="formfield">
                <displayName>The form field type</displayName>
                <value>MAP</value>
              </configuration>
              <configuration name="headers" type="delimited" locale="en_US">
                <displayName>The headers for this field.</displayName>
                <value>default:Leave Status</value>
              </configuration>
            </configurationGroup>
            <configurationGroup name="supervisor_approval">
              <displayName>The field 'supervisor_approval'</displayName>
              <configuration name="formfield">
                <displayName>The form field type</displayName>
                <value>YESNO</value>
              </configuration>
              <configuration name="headers" type="delimited" locale="en_US">
                <displayName>The headers for this field.</displayName>
                <value>default:Supervisor Approval</value>
              </configuration>
            </configurationGroup>
            <configurationGroup name="hr_approval">
              <displayName>The field 'hr_approval'</displayName>
              <configuration name="formfield">
                <displayName>The form field type</displayName>
                <value>YESNO</value>
              </configuration>
              <configuration name="headers" type="delimited" locale="en_US">
                <displayName>The headers for this field.</displayName>
                <value>default:Human Resource Approval</value>
              </configuration>
            </configurationGroup>
            <configurationGroup name="start_date">
              <displayName>The field 'end_date'</displayName>
              <configuration name="formfield">
                <displayName>The form field type</displayName>
                <value>DATE_YMD</value>
              </configuration>
              <configuration name="headers" type="delimited" locale="en_US">
                <displayName>The headers for this field.</displayName>
                <value>default:Leave Start Date</value>
              </configuration>
              <configuration name="required" type="boolean">
                <displayName>This field is required.</displayName>
                <value>true</value>
              </configuration>
            </configurationGroup>
            <configurationGroup name="end_date">
              <displayName>The field 'end_date'</displayName>
              <configuration name="formfield">
                <displayName>The form field type</displayName>
                <value>DATE_YMD</value>
              </configuration>
              <configuration name="required" type="boolean">
                <displayName>This field is required.</displayName>
                <value>true</value>
              </configuration>
              <configuration name="headers" type="delimited" locale="en_US">
                <displayName>The headers for this field.</displayName>
                <value>default:Leave End Date</value>
              </configuration>
            </configurationGroup>
            <configurationGroup name="leave_days">
              <displayName>The field 'end_date'</displayName>
              <configuration name="formfield">
                <displayName>The form field type</displayName>
                <value>INT</value>
              </configuration>
              <configuration name="headers" type="delimited" locale="en_US">
                <displayName>The headers for this field.</displayName>
                <value>default:Leave Days</value>
              </configuration>
            </configurationGroup>
            <configurationGroup name="return_date">
              <displayName>The field 'return_date'</displayName>
              <configuration name="formfield">
                <displayName>The form field type</displayName>
                <value>DATE_YMD</value>
              </configuration>
              <configuration name="required" type="boolean">
                <displayName>This field is required.</displayName>
                <value>true</value>
              </configuration>
              <configuration name="headers" type="delimited" locale="en_US">
                <displayName>The headers for this field.</displayName>
                <value>default:Return Date</value>
              </configuration>
            </configurationGroup>
            <configurationGroup name="approved_return_date">
              <displayName>The field 'return_date'</displayName>
              <configuration name="formfield">
                <displayName>The form field type</displayName>
                <value>DATE_YMD</value>
              </configuration>
              <configuration name="headers" type="delimited" locale="en_US">
                <displayName>The headers for this field.</displayName>
                <value>default:Approved Return Date</value>
              </configuration>
            </configurationGroup>
          </configurationGroup>
        </configurationGroup>
        <configurationGroup name="iHRIS_LeaveCycle">
          <version>4.2.2.11</version>
          <configurationGroup name="meta" path="meta/list/default">
            <configuration name="display_string">
              <value>%s Years</value>
            </configuration>
            <configuration name="display_args" type="delimited" values="many">
              <value>0:years</value>
            </configuration>
            <configuration name="sort_fields" type="delimited" values="many">
              <value>0:years</value>
            </configuration>
          </configurationGroup>
          <displayName>Configuration for the class 'iHRIS_LeaveCycle'</displayName>
          <configuration name="extends">
            <displayName>The class this form extends</displayName>
            <value>I2CE_List</value>
          </configuration>
          <configurationGroup name="fields">
            <displayName>The fields defined for this form</displayName>
            <configurationGroup name="years">
              <displayName>The field 'end_date'</displayName>
              <configuration name="formfield">
                <displayName>The form field type</displayName>
                <value>INT</value>
              </configuration>
              <configuration name="headers" type="delimited" locale="en_US">
                <displayName>The headers for this field.</displayName>
                <value>default:Years</value>
              </configuration>
            </configurationGroup>
            <configurationGroup name="name">
              <displayName>The field 'end_date'</displayName>
              <configuration name="formfield">
                <displayName>The form field type</displayName>
                <value>STRING_LINE</value>
              </configuration>
              <configuration name="headers" type="delimited" locale="en_US">
                <displayName>The headers for this field.</displayName>
                <value>default:Name</value>
              </configuration>
            </configurationGroup>
          </configurationGroup>
        </configurationGroup>
        <configurationGroup name="iHRIS_LeaveBalance">
          <version>4.2.2.13</version>
          <displayName>Configuration for the class 'iHRIS_LeaveBalance'</displayName>
          <configuration name="extends">
            <displayName>The class this form extends</displayName>
            <value>I2CE_List</value>
          </configuration>
          <configurationGroup name="fields">
            <displayName>The fields defined for this form</displayName>
            <configurationGroup name="leave_category">
              <displayName>The field 'leave_category'</displayName>
              <configuration name="formfield">
                <displayName>The form field type</displayName>
                <value>MAP</value>
              </configuration>
              <configuration name="headers" type="delimited" locale="en_US">
                <displayName>The headers for this field.</displayName>
                <value>default:Leave Category</value>
              </configuration>
            </configurationGroup>
            <configurationGroup name="balance">
              <displayName>The field 'end_date'</displayName>
              <configuration name="formfield">
                <displayName>The form field type</displayName>
                <value>INT</value>
              </configuration>
              <configuration name="headers" type="delimited" locale="en_US">
                <displayName>The headers for this field.</displayName>
                <value>default:Balance</value>
              </configuration>
            </configurationGroup>
            <configurationGroup name="taken">
              <displayName>The field 'end_date'</displayName>
              <configuration name="formfield">
                <displayName>The form field type</displayName>
                <value>INT</value>
              </configuration>
              <configuration name="headers" type="delimited" locale="en_US">
                <displayName>The headers for this field.</displayName>
                <value>default:Days On Leave</value>
              </configuration>
            </configurationGroup>
          </configurationGroup>
        </configurationGroup>
      </configurationGroup>
      <!-- End of /modules/forms/formClasses -->
    </configurationGroup>
    <!-- End of /modules/forms-->
    <configurationGroup name="page">
      <displayName>Page information</displayName>
      <configurationGroup name="leave_request">
        <displayName>Leave Page</displayName>
        <description>The page has the action of: Add/Update Leave</description>
        <configuration name="style" values="single">
          <displayName>Page Style</displayName>
          <description>The Page Style</description>
          <value>ihris_manage_page_form_parent_person</value>
        </configuration>
        <configuration name="class" values="single">
          <value>iHRIS_PageFormLeaveRequest</value>
        </configuration>
        <configurationGroup name="args">
          <displayName>Page Options</displayName>
          <description>The options that control the access and display of all pages</description>
          <configuration name="title" values="single" locale="en_US">
            <displayName>Page Title</displayName>
            <description>Page Title</description>
            <status>required:true</status>
            <value>Request Leave</value>
          </configuration>
          <configuration name="page_form" values="single">
            <displayName>Form</displayName>
            <description>The form this page is using</description>
            <status>required:true</status>
            <value>leave_request</value>
          </configuration>
        </configurationGroup>
      </configurationGroup>
    </configurationGroup>
    <!-- End of /I2CE/page-->
  </configurationGroup>
</I2CEConfiguration>
