<?xml version="1.0"?>
<!DOCTYPE I2CEConfiguration SYSTEM "I2CE_Configuration.dtd">
<I2CEConfiguration name="Uganda-manage-data-facility_type">
  <metadata>
    <displayName>Uganda Manage data for facility type</displayName>
    <description>Data for form: facility_type</description>
    <version>4.1.0.0</version>
    <requirement name="Facility">
      <atLeast version="4.1" />
    </requirement>
    <path name="configs">
      <value>./configs</value>
    </path>
  </metadata>
  <configurationGroup name="Uganda-manage-data-facility_type" path="/I2CE/formsData/forms/facility_type">
    <displayName>Form data: facility_type</displayName>
    <version>4.0.12.1</version>
    <configurationGroup name="BTC">
      <displayName>BTC</displayName>
      <configuration name="last_modified">
        <displayName>Last Modified</displayName>
        <value>2011-03-24 20:51:10</value>
      </configuration>
      <configuration name="who">
        <displayName>Who</displayName>
        <value>1</value>
      </configuration>
      <configurationGroup name="fields">
        <displayName>Fields</displayName>
        <configuration name="name">
          <value>Big Town Council</value>
        </configuration>
      </configurationGroup>
    </configurationGroup>
    <configurationGroup name="DHO">
      <displayName>DHO</displayName>
      <configuration name="last_modified">
        <displayName>Last Modified</displayName>
        <value>2011-03-24 20:51:10</value>
      </configuration>
      <configuration name="who">
        <displayName>Who</displayName>
        <value>1</value>
      </configuration>
      <configurationGroup name="fields">
        <displayName>Fields</displayName>
        <configuration name="name">
          <value>DHO's Office</value>
        </configuration>
      </configurationGroup>
    </configurationGroup>
    <configurationGroup name="HCII">
      <displayName>HCII</displayName>
      <configuration name="last_modified">
        <displayName>Last Modified</displayName>
        <value>2011-03-24 20:51:10</value>
      </configuration>
      <configuration name="who">
        <displayName>Who</displayName>
        <value>1</value>
      </configuration>
      <configurationGroup name="fields">
        <displayName>Fields</displayName>
        <configuration name="name">
          <value>Health Center II</value>
        </configuration>
      </configurationGroup>
    </configurationGroup>
    <configurationGroup name="HCIII">
      <displayName>HCIII</displayName>
      <configuration name="last_modified">
        <displayName>Last Modified</displayName>
        <value>2011-03-24 20:51:10</value>
      </configuration>
      <configuration name="who">
        <displayName>Who</displayName>
        <value>1</value>
      </configuration>
      <configurationGroup name="fields">
        <displayName>Fields</displayName>
        <configuration name="name">
          <value>Health Center III</value>
        </configuration>
      </configurationGroup>
    </configurationGroup>
    <configurationGroup name="HCIV">
      <displayName>HCIV</displayName>
      <configuration name="last_modified">
        <displayName>Last Modified</displayName>
        <value>2011-03-24 20:51:10</value>
      </configuration>
      <configuration name="who">
        <displayName>Who</displayName>
        <value>1</value>
      </configuration>
      <configurationGroup name="fields">
        <displayName>Fields</displayName>
        <configuration name="name">
          <value>Health Center IV</value>
        </configuration>
      </configurationGroup>
    </configurationGroup>
    <configurationGroup name="H">
      <displayName>H</displayName>
      <configuration name="last_modified">
        <displayName>Last Modified</displayName>
        <value>2011-03-24 20:51:10</value>
      </configuration>
      <configuration name="who">
        <displayName>Who</displayName>
        <value>1</value>
      </configuration>
      <configurationGroup name="fields">
        <displayName>Fields</displayName>
        <configuration name="name">
          <value>Hospital</value>
        </configuration>
      </configurationGroup>
    </configurationGroup>
    <configurationGroup name="MC">
      <displayName>MC</displayName>
      <configuration name="last_modified">
        <displayName>Last Modified</displayName>
        <value>2011-03-24 20:51:10</value>
      </configuration>
      <configuration name="who">
        <displayName>Who</displayName>
        <value>1</value>
      </configuration>
      <configurationGroup name="fields">
        <displayName>Fields</displayName>
        <configuration name="name">
          <value>Municipal Council</value>
        </configuration>
      </configurationGroup>
    </configurationGroup>
    <configurationGroup name="NRH">
      <displayName>NRH</displayName>
      <configuration name="last_modified">
        <displayName>Last Modified</displayName>
        <value>2011-03-24 20:51:10</value>
      </configuration>
      <configuration name="who">
        <displayName>Who</displayName>
        <value>1</value>
      </configuration>
      <configurationGroup name="fields">
        <displayName>Fields</displayName>
        <configuration name="name">
          <value>National Referral Hospital</value>
        </configuration>
      </configurationGroup>
    </configurationGroup>
    <configurationGroup name="RRH">
      <displayName>RRH</displayName>
      <configuration name="last_modified">
        <displayName>Last Modified</displayName>
        <value>2011-03-24 20:51:10</value>
      </configuration>
      <configuration name="who">
        <displayName>Who</displayName>
        <value>1</value>
      </configuration>
      <configurationGroup name="fields">
        <displayName>Fields</displayName>
        <configuration name="name">
          <value>Regional Referral Hospital</value>
        </configuration>
      </configurationGroup>
    </configurationGroup>
    <configurationGroup name="STC">
      <displayName>STC</displayName>
      <configuration name="last_modified">
        <displayName>Last Modified</displayName>
        <value>2011-03-24 20:51:10</value>
      </configuration>
      <configuration name="who">
        <displayName>Who</displayName>
        <value>1</value>
      </configuration>
      <configurationGroup name="fields">
        <displayName>Fields</displayName>
        <configuration name="name">
          <value>Small Town Council</value>
        </configuration>
      </configurationGroup>
    </configurationGroup>
    <configurationGroup name="TC">
      <displayName>TC</displayName>
      <configuration name="last_modified">
        <displayName>Last Modified</displayName>
        <value>2011-03-24 20:51:10</value>
      </configuration>
      <configuration name="who">
        <displayName>Who</displayName>
        <value>1</value>
      </configuration>
      <configurationGroup name="fields">
        <displayName>Fields</displayName>
        <configuration name="name">
          <value>Town Council</value>
        </configuration>
      </configurationGroup>
    </configurationGroup>
  </configurationGroup>
</I2CEConfiguration>
