<?xml version="1.0" encoding="utf-8"?>
<!DOCTYPE I2CEConfiguration SYSTEM "I2CE_Configuration.dtd">
<I2CEConfiguration name="ihris-manage" path="/I2CE">
  <metadata>
    <version>4.3.3.0.1</version>
  </metadata>
  <configurationGroup name="ihris-manage" path="/I2CE" locale="si">
    <version>4.3.0.1</version>
    <configurationGroup name="tasks" path="/I2CE/tasks/task_description">
      <configuration name="can_edit_planning_database_lists" locale="si" values="single" type="string">
        <value>සමහර සැලසුම් දත්ත සමුදාය ලැයිස්තු සකසන්න</value>
      </configuration>
      <configuration name="can_view_planning_database_lists" locale="si" values="single" type="string">
        <value>සමහර සැලසුම් දත්ත සමුදාය ලැයිස්තු බලන්න</value>
      </configuration>
      <configuration name="can_edit_all_planning_database_lists" locale="si" values="single" type="string">
        <value>සියලු සැලසුම් දත්ත සමුදාය ලැයිස්තු සකසන්න</value>
      </configuration>
      <configuration name="can_view_all_planning_database_lists" locale="si" values="single" type="string">
        <value>සියලු සැලසුම් දත්ත සමුදාය ලැයිස්තු බලන්න</value>
      </configuration>
      <configuration name="can_edit_organization_database_lists" locale="si" values="single" type="string">
        <value>ආයතනික දත්ත සමුදාය වාර්තා සැකසීම</value>
      </configuration>
      <configuration name="can_view_organization_database_lists" locale="si" values="single" type="string">
        <value>ආයතනික දත්ත සමුදාය වාර්තා දසුන</value>
      </configuration>
      <configuration name="can_edit_all_organization_database_lists" locale="si" values="single" type="string">
        <value>සියලු ආයතනික දත්ත සමුදායන් ලැයිස්තු සැකසීම</value>
      </configuration>
      <configuration name="can_view_all_organization_database_lists" locale="si" values="single" type="string">
        <value>සියලු ආයතනික දත්ත සමුදායන් ලැයිස්තු දසුන</value>
      </configuration>
      <configuration name="can_edit_employee_database_lists" locale="si" values="single" type="string">
        <value>ඇතැම් සේවක දත්ත සමුදාය ලැයිස්තු සැකසීම</value>
      </configuration>
      <configuration name="can_view_employee_database_lists" locale="si" values="single" type="string">
        <value>ඇතැම් සේවක දත්ත සමුදාය ලැයිස්තු දසුන</value>
      </configuration>
      <configuration name="can_edit_all_employee_database_lists" locale="si" values="single" type="string">
        <value>සියලු සේවක දත්ත සමුදාය ලැයිස්තු සැකසීම</value>
      </configuration>
      <configuration name="can_view_all_employee_database_lists" locale="si" values="single" type="string">
        <value>සියලු සේවක දත්ත සමුදාය ලැයිස්තු දසුන</value>
      </configuration>
      <configuration name="can_edit_position_database_lists" locale="si" values="single" type="string">
        <value>ඇතැම් තත්ත්ව දත්ත සමුදාය ලැයිස්තු සැකසීම</value>
      </configuration>
      <configuration name="can_view_position_database_lists" locale="si" values="single" type="string">
        <value>ඇතැම් තත්ත්ව දත්ත සමුදාය ලැයිස්ත දසුන</value>
      </configuration>
    </configurationGroup>
    <configurationGroup name="roles" path="/I2CE/formsData/forms/role">
      <configurationGroup name="hr_manager">
        <configurationGroup name="fields">
          <configuration name="name" values="single" locale="si" type="string">
            <value>මානව සම්පත් කළමනාකරු</value>
          </configuration>
        </configurationGroup>
      </configurationGroup>
      <configurationGroup name="hr_staff">
        <configurationGroup name="fields">
          <configuration name="name" values="single" locale="si" type="string">
            <value>මානව සම්පත් කාර්ය මණ්ඩලය</value>
          </configuration>
        </configurationGroup>
      </configurationGroup>
      <configurationGroup name="exec_manager">
        <configurationGroup name="fields">
          <configuration name="name" values="single" locale="si" type="string">
            <value>විධායක කළමනාකරු</value>
          </configuration>
        </configurationGroup>
      </configurationGroup>
      <configurationGroup name="training_manager">
        <configurationGroup name="fields">
          <configuration name="name" values="single" locale="si" type="string">
            <value>පුහුණු කිරීමේ කළමනාකරු</value>
          </configuration>
        </configurationGroup>
      </configurationGroup>
    </configurationGroup>
    <configurationGroup name="page">
      <configurationGroup name="feedback">
        <configurationGroup name="args">
          <configuration name="title" values="single" locale="si" type="string">
            <value>ප්‍රතිපෝෂණ යවන්න</value>
          </configuration>
        </configurationGroup>
      </configurationGroup>
      <configurationGroup name="manage">
        <configurationGroup name="args">
          <configuration name="title" values="single" locale="si" type="string">
            <value>පුද්ගලයන් හසුරවන්න</value>
          </configuration>
        </configurationGroup>
      </configurationGroup>
    </configurationGroup>
    <configurationGroup name="search_reports" path="/modules/CustomReports/search_reports">
      <configuration name="search_people" values="many" type="delimited" locale="si">
        <value>name:පුද්ගලයන් සොයන්න</value>
        <value>description:ඇගයීම, මුද්‍රණය හෝ යාවත්කාලීන කිරීම සඳහා පුද්ගල වාර්තා පිහිටීම සොයා ගැනීම</value>
      </configuration>
      <configuration name="position_list" values="many" type="delimited" locale="si">
        <value>name:තත්වය සොයන්න</value>
        <value>description:ඇගයීම, මුද්‍රණය හෝ යාවත්කාලීන කිරීම සඳහා තත්වයන් සොයා ගැනීම</value>
      </configuration>
    </configurationGroup>
  </configurationGroup>
</I2CEConfiguration>