"Afghanistan","AF","4","0","0"
"Albania","AL","8","0","0"
"Antarctica","AQ","10","0","0"
"Algeria","DZ","12","0","0"
"American Samoa","AS","16","0","0"
"Andorra","AD","20","0","0"
"Angola","AO","24","0","0"
"Antigua and Barbuda","AG","28","0","0"
"Azerbaijan","AZ","31","0","0"
"Argentina","AR","32","0","0"
"Australia","AU","36","0","0"
"Austria","AT","40","0","0"
"Bahamas","BS","44","0","0"
"Bahrain","BH","48","0","0"
"Bangladesh","BD","50","0","0"
"Armenia","AM","51","0","0"
"Barbados","BB","52","0","0"
"Belgium","BE","56","0","0"
"Bermuda","BM","60","0","0"
"Bhutan","BT","64","0","0"
"Bolivia","BO","68","0","0"
"Bosnia and Herzegovina","BA","70","0","0"
"Botswana","BW","72","0","0"
"Bouvet Island","BV","74","0","0"
"Brazil","BR","76","0","0"
"Belize","BZ","84","0","0"
"British Indian Ocean Territory","IO","86","0","0"
"Solomon Islands","SB","90","0","0"
"Virgin Islands, British","VG","92","0","0"
"Brunei Darussalam","BN","96","0","0"
"Bulgaria","BG","100","0","0"
"Myanmar","MM","104","0","0"
"Burundi","BI","108","0","0"
"Belarus","BY","112","0","0"
"Cambodia","KH","116","0","0"
"Cameroon","CM","120","0","0"
"Canada","CA","124","0","0"
"Cape Verde","CV","132","0","0"
"Cayman Islands","KY","136","0","0"
"Central African Republic","CF","140","0","0"
"Sri Lanka","LK","144","0","0"
"Chad","TD","148","0","0"
"Chile","CL","152","0","0"
"China","CN","156","0","0"
"Taiwan, Province of China","TW","158","0","0"
"Christmas Island","CX","162","0","0"
"Cocos (Keeling) Islands","CC","166","0","0"
"Colombia","CO","170","0","0"
"Comoros","KM","174","0","0"
"Mayotte","YT","175","0","0"
"Congo","CG","178","0","0"
"Congo, the Democratic Republic of the","CD","180","0","0"
"Cook Islands","CK","184","0","0"
"Costa Rica","CR","188","0","0"
"Croatia","HR","191","0","0"
"Cuba","CU","192","0","0"
"Cyprus","CY","196","0","0"
"Czech Republic","CZ","203","0","0"
"Benin","BJ","204","0","0"
"Denmark","DK","208","0","0"
"Dominica","DM","212","0","0"
"Dominican Republic","DO","214","0","0"
"Ecuador","EC","218","0","0"
"El Salvador","SV","222","0","0"
"Equatorial Guinea","GQ","226","0","0"
"Ethiopia","ET","231","0","0"
"Eritrea","ER","232","0","0"
"Estonia","EE","233","0","0"
"Faroe Islands","FO","234","0","0"
"Falkland Islands (Malvinas)","FK","238","0","0"
"South Georgia and the South Sandwich Islands","GS","239","0","0"
"Fiji","FJ","242","0","0"
"Finland","FI","246","0","0"
"Ã…land Islands","AX","248","0","0"
"France","FR","250","0","0"
"French Guiana","GF","254","0","0"
"French Polynesia","PF","258","0","0"
"French Southern Territories","TF","260","0","0"
"Djibouti","DJ","262","0","0"
"Gabon","GA","266","0","0"
"Georgia","GE","268","0","0"
"Gambia","GM","270","0","0"
"Palestinian Territory, Occupied","PS","275","0","0"
"Germany","DE","276","0","0"
"Ghana","GH","288","0","0"
"Gibraltar","GI","292","0","0"
"Kiribati","KI","296","0","0"
"Greece","GR","300","0","0"
"Greenland","GL","304","0","0"
"Grenada","GD","308","0","0"
"Guadeloupe","GP","312","0","0"
"Guam","GU","316","0","0"
"Guatemala","GT","320","0","0"
"Guinea","GN","324","0","0"
"Guyana","GY","328","0","0"
"Haiti","HT","332","0","0"
"Heard Island and McDonald Islands","HM","334","0","0"
"Holy See (Vatican City State)","VA","336","0","0"
"Honduras","HN","340","0","0"
"Hong Kong","HK","344","0","0"
"Hungary","HU","348","0","0"
"Iceland","IS","352","0","0"
"India","IN","356","0","0"
"Indonesia","ID","360","0","0"
"Iran, Islamic Republic of","IR","364","0","0"
"Iraq","IQ","368","0","0"
"Ireland","IE","372","0","0"
"Israel","IL","376","0","0"
"Italy","IT","380","0","0"
"CÃ´te d'Ivoire","CI","384","0","0"
"Jamaica","JM","388","0","0"
"Japan","JP","392","0","0"
"Kazakhstan","KZ","398","0","0"
"Jordan","JO","400","0","0"
"Kenya","KE","404","0","0"
"Korea, Democratic People's Republic of","KP","408","0","0"
"Korea, Republic of","KR","410","0","0"
"Kuwait","KW","414","0","0"
"Kyrgyzstan","KG","417","0","0"
"Lao People's Democratic Republic","LA","418","0","0"
"Lebanon","LB","422","0","0"
"Lesotho","LS","426","0","0"
"Latvia","LV","428","0","0"
"Liberia","LR","430","0","0"
"Libyan Arab Jamahiriya","LY","434","0","0"
"Liechtenstein","LI","438","0","0"
"Lithuania","LT","440","0","0"
"Luxembourg","LU","442","0","0"
"Macao","MO","446","0","0"
"Madagascar","MG","450","0","0"
"Malawi","MW","454","0","0"
"Malaysia","MY","458","0","0"
"Maldives","MV","462","0","0"
"Mali","ML","466","0","0"
"Malta","MT","470","0","0"
"Martinique","MQ","474","0","0"
"Mauritania","MR","478","0","0"
"Mauritius","MU","480","0","0"
"Mexico","MX","484","0","0"
"Monaco","MC","492","0","0"
"Mongolia","MN","496","0","0"
"Moldova, Republic of","MD","498","0","0"
"Montserrat","MS","500","0","0"
"Morocco","MA","504","0","0"
"Mozambique","MZ","508","0","0"
"Oman","OM","512","0","0"
"Namibia","NA","516","0","0"
"Nauru","NR","520","0","0"
"Nepal","NP","524","0","0"
"Netherlands","NL","528","0","0"
"Netherlands Antilles","AN","530","0","0"
"Aruba","AW","533","0","0"
"New Caledonia","NC","540","0","0"
"Vanuatu","VU","548","0","0"
"New Zealand","NZ","554","0","0"
"Nicaragua","NI","558","0","0"
"Niger","NE","562","0","0"
"Nigeria","NG","566","0","0"
"Niue","NU","570","0","0"
"Norfolk Island","NF","574","0","0"
"Norway","NO","578","0","0"
"Northern Mariana Islands","MP","580","0","0"
"United States Minor Outlying Islands","UM","581","0","0"
"Micronesia, Federated States of","FM","583","0","0"
"Marshall Islands","MH","584","0","0"
"Palau","PW","585","0","0"
"Pakistan","PK","586","0","0"
"Panama","PA","591","0","0"
"Papua New Guinea","PG","598","0","0"
"Paraguay","PY","600","0","0"
"Peru","PE","604","0","0"
"Philippines","PH","608","0","0"
"Pitcairn","PN","612","0","0"
"Poland","PL","616","0","0"
"Portugal","PT","620","0","0"
"Guinea-Bissau","GW","624","0","0"
"Timor-Leste","TL","626","0","0"
"Puerto Rico","PR","630","0","0"
"Qatar","QA","634","0","0"
"RÃ©union","RE","638","0","0"
"Romania","RO","642","0","0"
"Russian Federation","RU","643","0","0"
"Rwanda","RW","646","0","0"
"Saint Helena","SH","654","0","0"
"Saint Kitts and Nevis","KN","659","0","0"
"Anguilla","AI","660","0","0"
"Saint Lucia","LC","662","0","0"
"Saint Pierre and Miquelon","PM","666","0","0"
"Saint Vincent and the Grenadines","VC","670","0","0"
"San Marino","SM","674","0","0"
"Sao Tome and Principe","ST","678","0","0"
"Saudi Arabia","SA","682","0","0"
"Senegal","SN","686","0","0"
"Seychelles","SC","690","0","0"
"Sierra Leone","SL","694","0","0"
"Singapore","SG","702","0","0"
"Slovakia","SK","703","0","0"
"Viet Nam","VN","704","0","0"
"Slovenia","SI","705","0","0"
"Somalia","SO","706","0","0"
"South Africa","ZA","710","0","0"
"Zimbabwe","ZW","716","0","0"
"Spain","ES","724","0","0"
"Western Sahara","EH","732","0","0"
"Sudan","SD","736","0","0"
"Suriname","SR","740","0","0"
"Svalbard and Jan Mayen","SJ","744","0","0"
"Swaziland","SZ","748","0","0"
"Sweden","SE","752","0","0"
"Switzerland","CH","756","0","0"
"Syrian Arab Republic","SY","760","0","0"
"Tajikistan","TJ","762","0","0"
"Thailand","TH","764","0","0"
"Togo","TG","768","0","0"
"Tokelau","TK","772","0","0"
"Tonga","TO","776","0","0"
"Trinidad and Tobago","TT","780","0","0"
"United Arab Emirates","AE","784","0","0"
"Tunisia","TN","788","0","0"
"Turkey","TR","792","0","0"
"Turkmenistan","TM","795","0","0"
"Turks and Caicos Islands","TC","796","0","0"
"Tuvalu","TV","798","0","0"
"Uganda","UG","800","1","1"
"Ukraine","UA","804","0","0"
"Macedonia, the Former Yugoslav Republic of","MK","807","0","0"
"Egypt","EG","818","0","0"
"United Kingdom","GB","826","0","0"
"Tanzania, United Republic Of","TZ","834","0","0"
"United States","US","840","0","0"
"Virgin Islands, U.S.","VI","850","0","0"
"Burkina Faso","BF","854","0","0"
"Uruguay","UY","858","0","0"
"Uzbekistan","UZ","860","0","0"
"Venezuela","VE","862","0","0"
"Wallis and Futuna","WF","876","0","0"
"Samoa","WS","882","0","0"
"Yemen","YE","887","0","0"
"Serbia and Montenegro","CS","891","0","0"
"Zambia","ZM","894","0","0"
"France Metropolitan","FX","249","0","0"
"Cantone and Ende","CE","128","0","0"
"Johnston Island","JT","396","0","0"
"Midway Island","MI","488","0","0"
"US Miscellaneous","PU","849","0","0"
"Wake Island","WK","872","0","0"
"United Nations Interim Administration","QZ","900","0","0"
