<?xml version="1.0"?>
<!DOCTYPE I2CEConfiguration SYSTEM "I2CE_Configuration.dtd">
<I2CEConfiguration name="Uganda-manage-data-marital_status">
  <metadata>
    <displayName>Uganda Manage data for marital status</displayName>
    <description>Data for form: marital_status</description>
    <version>4.1.0.0</version>
    <path name="configs">
      <value>./configs</value>
    </path>
    <requirement name="PersonDemographic">
      <atLeast version="4.1" />
    </requirement>
  </metadata>
  <configurationGroup name="Uganda-manage-data-marital_status" path="/I2CE/formsData/forms/marital_status">
    <displayName>Form data: marital_status</displayName>
    <configurationGroup name="single">
      <displayName>single</displayName>
      <configuration name="last_modified">
        <displayName>Last Modified</displayName>
        <value>2011-03-23 11:41:16</value>
      </configuration>
      <configuration name="who">
        <displayName>Who</displayName>
        <value>1</value>
      </configuration>
      <configurationGroup name="fields">
        <displayName>Fields</displayName>
        <configuration name="name">
          <value>Single</value>
        </configuration>
      </configurationGroup>
    </configurationGroup>
    <configurationGroup name="married">
      <displayName>married</displayName>
      <configuration name="last_modified">
        <displayName>Last Modified</displayName>
        <value>2011-03-23 11:41:16</value>
      </configuration>
      <configuration name="who">
        <displayName>Who</displayName>
        <value>1</value>
      </configuration>
      <configurationGroup name="fields">
        <displayName>Fields</displayName>
        <configuration name="name">
          <value>Married</value>
        </configuration>
      </configurationGroup>
    </configurationGroup>
    <configurationGroup name="divorced">
      <displayName>divorced</displayName>
      <configuration name="last_modified">
        <displayName>Last Modified</displayName>
        <value>2011-03-23 11:41:16</value>
      </configuration>
      <configuration name="who">
        <displayName>Who</displayName>
        <value>1</value>
      </configuration>
      <configurationGroup name="fields">
        <displayName>Fields</displayName>
        <configuration name="name">
          <value>Divorced</value>
        </configuration>
      </configurationGroup>
    </configurationGroup>
    <configurationGroup name="widowed">
      <displayName>widowed</displayName>
      <configuration name="last_modified">
        <displayName>Last Modified</displayName>
        <value>2011-03-23 11:41:16</value>
      </configuration>
      <configuration name="who">
        <displayName>Who</displayName>
        <value>1</value>
      </configuration>
      <configurationGroup name="fields">
        <displayName>Fields</displayName>
        <configuration name="name">
          <value>Widowed</value>
        </configuration>
      </configurationGroup>
    </configurationGroup>
    <configurationGroup name="separated">
      <displayName>separated</displayName>
      <configuration name="last_modified">
        <displayName>Last Modified</displayName>
        <value>2011-03-23 11:41:16</value>
      </configuration>
      <configuration name="who">
        <displayName>Who</displayName>
        <value>1</value>
      </configuration>
      <configurationGroup name="fields">
        <displayName>Fields</displayName>
        <configuration name="name">
          <value>Separated</value>
        </configuration>
      </configurationGroup>
    </configurationGroup>
  </configurationGroup>
</I2CEConfiguration>
