<?xml version="1.0"?>
<!DOCTYPE I2CEConfiguration SYSTEM "I2CE_Configuration.dtd">
<I2CEConfiguration name="SampleData-accident_type">
  <metadata>
    <displayName>Accident Type</displayName>
    <description>Sample Data for form: accidentid_type</description>
    <version>4.3.0</version>
    <requirement name="accident">
      <atLeast version="4.0" />
    </requirement>
  </metadata>
  <configurationGroup name="SampleData-accidentid_type" path="//I2CE/formsData/forms/accident_type">
    <displayName>Accident Type</displayName>
    <version>4.0.4.2</version>
    <configurationGroup name="1">
      <displayName>1</displayName>
      <configuration name="last_modified">
        <displayName>Last Modified</displayName>
        <value>2009-06-29 10:23:45</value>
      </configuration>
      <configuration name="who">
        <displayName>Who</displayName>
        <value>1</value>
      </configuration>
      <configurationGroup name="fields">
        <displayName>Fields</displayName>
        <configuration name="name">
          <displayName>Name</displayName>
          <value>Minor Injury</value>
        </configuration>
      </configurationGroup>
    </configurationGroup>
    <configurationGroup name="2">
      <displayName>2</displayName>
      <configuration name="last_modified">
        <displayName>Last Modified</displayName>
        <value>2009-06-29 10:24:04</value>
      </configuration>
      <configuration name="who">
        <displayName>Who</displayName>
        <value>1</value>
      </configuration>
      <configurationGroup name="fields">
        <displayName>Fields</displayName>
        <configuration name="name">
          <displayName>Name</displayName>
          <value>Major Injury</value>
        </configuration>
      </configurationGroup>
    </configurationGroup>
    <configurationGroup name="3">
      <displayName>3</displayName>
      <configuration name="last_modified">
        <displayName>Last Modified</displayName>
        <value>2009-06-29 10:24:18</value>
      </configuration>
      <configuration name="who">
        <displayName>Who</displayName>
        <value>1</value>
      </configuration>
      <configurationGroup name="fields">
        <displayName>Fields</displayName>
        <configuration name="name">
          <displayName>Name</displayName>
          <value>Death</value>
        </configuration>
      </configurationGroup>
    </configurationGroup>
    <configurationGroup name="4">
      <displayName>4</displayName>
      <configuration name="last_modified">
        <displayName>Last Modified</displayName>
        <value>2009-06-29 10:24:29</value>
      </configuration>
      <configuration name="who">
        <displayName>Who</displayName>
        <value>1</value>
      </configuration>
      <configurationGroup name="fields">
        <displayName>Fields</displayName>
        <configuration name="name">
          <displayName>Name</displayName>
          <value>Minor Damage to Property</value>
        </configuration>
      </configurationGroup>
    </configurationGroup>
    <configurationGroup name="5">
      <displayName>5</displayName>
      <configuration name="last_modified">
        <displayName>Last Modified</displayName>
        <value>2009-06-29 10:24:29</value>
      </configuration>
      <configuration name="who">
        <displayName>Who</displayName>
        <value>1</value>
      </configuration>
      <configurationGroup name="fields">
        <displayName>Fields</displayName>
        <configuration name="name">
          <displayName>Name</displayName>
          <value>Major Damage to Property</value>
        </configuration>
      </configurationGroup>
    </configurationGroup>
  </configurationGroup>
</I2CEConfiguration>