<?xml version="1.0" encoding="utf-8"?>
<!DOCTYPE I2CEConfiguration SYSTEM "I2CE_Configuration.dtd">
<I2CEConfiguration name="ihris-manage" path="/I2CE">
  <metadata>
    <version>4.3.3.0.1</version>
  </metadata>
  <configurationGroup name="ihris-manage" path="/I2CE" locale="nl">
    <version>4.3.0.1</version>
    <configurationGroup name="tasks" path="/I2CE/tasks/task_description">
      <configuration name="can_edit_planning_database_lists" locale="nl" values="single" type="string">
        <value>Kan enkele planningsdatabaselijsten bewerken</value>
      </configuration>
      <configuration name="can_view_planning_database_lists" locale="nl" values="single" type="string">
        <value>Kan enkele planningsdatabaselijsten bekijken</value>
      </configuration>
      <configuration name="can_edit_all_planning_database_lists" locale="nl" values="single" type="string">
        <value>Kan alle planningsdatabaselijsten bewerken</value>
      </configuration>
      <configuration name="can_view_all_planning_database_lists" locale="nl" values="single" type="string">
        <value>Kan alle planningsdatabaselijsten bekijken</value>
      </configuration>
      <configuration name="can_edit_organization_database_lists" locale="nl" values="single" type="string">
        <value>Kan enkele organisatorische databaselijsten bewerken</value>
      </configuration>
      <configuration name="can_view_organization_database_lists" locale="nl" values="single" type="string">
        <value>Kan enkele organisatorische databaselijsten bekijken</value>
      </configuration>
      <configuration name="can_edit_all_organization_database_lists" locale="nl" values="single" type="string">
        <value>Kan alle organisatorische databaselijsten bewerken</value>
      </configuration>
      <configuration name="can_view_all_organization_database_lists" locale="nl" values="single" type="string">
        <value>Kan alle organisatorische databaselijsten bekijken</value>
      </configuration>
      <configuration name="can_edit_employee_database_lists" locale="nl" values="single" type="string">
        <value>Kan enkele personeelsdatabaselijsten bewerken</value>
      </configuration>
      <configuration name="can_view_employee_database_lists" locale="nl" values="single" type="string">
        <value>Kan enkele personeelsdatabaselijsten bekijken</value>
      </configuration>
      <configuration name="can_edit_all_employee_database_lists" locale="nl" values="single" type="string">
        <value>Kan alle medewerkersdatabaselijsten bewerken</value>
      </configuration>
      <configuration name="can_view_all_employee_database_lists" locale="nl" values="single" type="string">
        <value>Kan alle medewerkersdatabaselijsten bekijken</value>
      </configuration>
      <configuration name="can_edit_position_database_lists" locale="nl" values="single" type="string">
        <value>Kan sommige positiedatabaselijsten bewerken</value>
      </configuration>
      <configuration name="can_view_position_database_lists" locale="nl" values="single" type="string">
        <value>Kan sommige positiedatabaselijsten bekijken</value>
      </configuration>
    </configurationGroup>
    <configurationGroup name="roles" path="/I2CE/formsData/forms/role">
      <configurationGroup name="hr_manager">
        <configurationGroup name="fields">
          <configuration name="name" values="single" locale="nl" type="string"></configuration>
        </configurationGroup>
      </configurationGroup>
      <configurationGroup name="hr_staff">
        <configurationGroup name="fields">
          <configuration name="name" values="single" locale="nl" type="string">
            <value>HR-medewerker</value>
          </configuration>
        </configurationGroup>
      </configurationGroup>
      <configurationGroup name="exec_manager">
        <configurationGroup name="fields">
          <configuration name="name" values="single" locale="nl" type="string"></configuration>
        </configurationGroup>
      </configurationGroup>
      <configurationGroup name="training_manager">
        <configurationGroup name="fields">
          <configuration name="name" values="single" locale="nl" type="string">
            <value>Cursusmanager</value>
          </configuration>
        </configurationGroup>
      </configurationGroup>
    </configurationGroup>
    <configurationGroup name="page">
      <configurationGroup name="feedback">
        <configurationGroup name="args">
          <configuration name="title" values="single" locale="nl" type="string">
            <value>Terugkoppeling verzenden</value>
          </configuration>
        </configurationGroup>
      </configurationGroup>
      <configurationGroup name="manage">
        <configurationGroup name="args">
          <configuration name="title" values="single" locale="nl" type="string">
            <value>Mensen beheren</value>
          </configuration>
        </configurationGroup>
      </configurationGroup>
    </configurationGroup>
    <configurationGroup name="search_reports" path="/modules/CustomReports/search_reports">
      <configuration name="search_people" values="many" type="delimited" locale="nl">
        <value>name:Mensen zoeken</value>
        <value>description:De gegevens van personen vinden om ze te bekijken, af te drukken of bij te werken.</value>
      </configuration>
      <configuration name="position_list" values="many" type="delimited" locale="nl">
        <value>name:Posities doorzoeken</value>
        <value>description:De gegevens van posities vinden om ze te bekijken, af te drukken of bij te werken.</value>
      </configuration>
    </configurationGroup>
  </configurationGroup>
</I2CEConfiguration>