<?xml version="1.0"?>
<!DOCTYPE I2CEConfiguration SYSTEM "I2CE_Configuration.dtd">
<I2CEConfiguration name="Uganda-manage-data-district">
  <metadata>
    <displayName>Uganda Manage data for district</displayName>
    <description>Data for form: district</description>
    <version>4.1.0.0</version>
    <requirement name="Uganda-manage-data-region">
      <atLeast version="4.1" />
    </requirement>
    <path name="configs">
      <value>./configs</value>
    </path>
  </metadata>
  <configurationGroup name="Uganda-manage-data-district" path="/I2CE/formsData/forms/district">
    <displayName>Form data: district</displayName>
    <configurationGroup name="1">
      <displayName>1</displayName>
      <configuration name="last_modified">
        <displayName>Last Modified</displayName>
        <value>2011-03-23 14:54:12</value>
      </configuration>
      <configuration name="who">
        <displayName>Who</displayName>
        <value>1</value>
      </configuration>
      <configurationGroup name="fields">
        <displayName>Fields</displayName>
        <configuration name="region">
          <value>region|UG-C</value>
        </configuration>
        <configuration name="code">
          <value>UG-102</value>
        </configuration>
        <configuration name="name">
          <value>KAMPALA</value>
        </configuration>
      </configurationGroup>
    </configurationGroup>
    <configurationGroup name="2">
      <displayName>2</displayName>
      <configuration name="last_modified">
        <displayName>Last Modified</displayName>
        <value>2011-03-23 14:54:12</value>
      </configuration>
      <configuration name="who">
        <displayName>Who</displayName>
        <value>1</value>
      </configuration>
      <configurationGroup name="fields">
        <displayName>Fields</displayName>
        <configuration name="region">
          <value>region|UG-N</value>
        </configuration>
        <configuration name="code">
          <value>UG-301</value>
        </configuration>
        <configuration name="name">
          <value>ADJUMANI</value>
        </configuration>
      </configurationGroup>
    </configurationGroup>
    <configurationGroup name="3">
      <displayName>3</displayName>
      <configuration name="last_modified">
        <displayName>Last Modified</displayName>
        <value>2011-03-23 14:54:12</value>
      </configuration>
      <configuration name="who">
        <displayName>Who</displayName>
        <value>1</value>
      </configuration>
      <configurationGroup name="fields">
        <displayName>Fields</displayName>
        <configuration name="region">
          <value>region|UG-N</value>
        </configuration>
        <configuration name="code">
          <value>UG-303</value>
        </configuration>
        <configuration name="name">
          <value>ARUA</value>
        </configuration>
      </configurationGroup>
    </configurationGroup>
    <configurationGroup name="4">
      <displayName>4</displayName>
      <configuration name="last_modified">
        <displayName>Last Modified</displayName>
        <value>2011-03-23 14:54:12</value>
      </configuration>
      <configuration name="who">
        <displayName>Who</displayName>
        <value>1</value>
      </configuration>
      <configurationGroup name="fields">
        <displayName>Fields</displayName>
        <configuration name="region">
          <value>region|UG-W</value>
        </configuration>
        <configuration name="code">
          <value>UG-401</value>
        </configuration>
        <configuration name="name">
          <value>BUNDIBUGYO</value>
        </configuration>
      </configurationGroup>
    </configurationGroup>
    <configurationGroup name="5">
      <displayName>5</displayName>
      <configuration name="last_modified">
        <displayName>Last Modified</displayName>
        <value>2011-03-23 14:54:12</value>
      </configuration>
      <configuration name="who">
        <displayName>Who</displayName>
        <value>1</value>
      </configuration>
      <configurationGroup name="fields">
        <displayName>Fields</displayName>
        <configuration name="region">
          <value>region|UG-E</value>
        </configuration>
        <configuration name="code">
          <value>UG-202</value>
        </configuration>
        <configuration name="name">
          <value>BUSIA</value>
        </configuration>
      </configurationGroup>
    </configurationGroup>
    <configurationGroup name="6">
      <displayName>6</displayName>
      <configuration name="last_modified">
        <displayName>Last Modified</displayName>
        <value>2011-03-23 14:54:12</value>
      </configuration>
      <configuration name="who">
        <displayName>Who</displayName>
        <value>1</value>
      </configuration>
      <configurationGroup name="fields">
        <displayName>Fields</displayName>
        <configuration name="region">
          <value>region|UG-E</value>
        </configuration>
        <configuration name="code">
          <value>UG-219</value>
        </configuration>
        <configuration name="name">
          <value>BUTALEJA</value>
        </configuration>
      </configurationGroup>
    </configurationGroup>
    <configurationGroup name="7">
      <displayName>7</displayName>
      <configuration name="last_modified">
        <displayName>Last Modified</displayName>
        <value>2011-03-23 14:54:12</value>
      </configuration>
      <configuration name="who">
        <displayName>Who</displayName>
        <value>1</value>
      </configuration>
      <configurationGroup name="fields">
        <displayName>Fields</displayName>
        <configuration name="region">
          <value>region|UG-W</value>
        </configuration>
        <configuration name="code">
          <value>UG-404</value>
        </configuration>
        <configuration name="name">
          <value>KABALE</value>
        </configuration>
      </configurationGroup>
    </configurationGroup>
    <configurationGroup name="8">
      <displayName>8</displayName>
      <configuration name="last_modified">
        <displayName>Last Modified</displayName>
        <value>2011-03-23 14:54:12</value>
      </configuration>
      <configuration name="who">
        <displayName>Who</displayName>
        <value>1</value>
      </configuration>
      <configurationGroup name="fields">
        <displayName>Fields</displayName>
        <configuration name="region">
          <value>region|UG-W</value>
        </configuration>
        <configuration name="code">
          <value>UG-414</value>
        </configuration>
        <configuration name="name">
          <value>KANUNGU</value>
        </configuration>
      </configurationGroup>
    </configurationGroup>
    <configurationGroup name="9">
      <displayName>9</displayName>
      <configuration name="last_modified">
        <displayName>Last Modified</displayName>
        <value>2011-03-23 14:54:12</value>
      </configuration>
      <configuration name="who">
        <displayName>Who</displayName>
        <value>1</value>
      </configuration>
      <configurationGroup name="fields">
        <displayName>Fields</displayName>
        <configuration name="region">
          <value>region|UG-W</value>
        </configuration>
        <configuration name="code">
          <value>UG-406</value>
        </configuration>
        <configuration name="name">
          <value>KASESE</value>
        </configuration>
      </configurationGroup>
    </configurationGroup>
    <configurationGroup name="10">
      <displayName>10</displayName>
      <configuration name="last_modified">
        <displayName>Last Modified</displayName>
        <value>2011-03-23 14:54:12</value>
      </configuration>
      <configuration name="who">
        <displayName>Who</displayName>
        <value>1</value>
      </configuration>
      <configurationGroup name="fields">
        <displayName>Fields</displayName>
        <configuration name="region">
          <value>region|UG-W</value>
        </configuration>
        <configuration name="code">
          <value>UG-408</value>
        </configuration>
        <configuration name="name">
          <value>KISORO</value>
        </configuration>
      </configurationGroup>
    </configurationGroup>
    <configurationGroup name="11">
      <displayName>11</displayName>
      <configuration name="last_modified">
        <displayName>Last Modified</displayName>
        <value>2011-03-23 14:54:12</value>
      </configuration>
      <configuration name="who">
        <displayName>Who</displayName>
        <value>1</value>
      </configuration>
      <configurationGroup name="fields">
        <displayName>Fields</displayName>
        <configuration name="region">
          <value>region|UG-N</value>
        </configuration>
        <configuration name="code">
          <value>UG-316</value>
        </configuration>
        <configuration name="name">
          <value>KOBOKO</value>
        </configuration>
      </configurationGroup>
    </configurationGroup>
    <configurationGroup name="12">
      <displayName>12</displayName>
      <configuration name="last_modified">
        <displayName>Last Modified</displayName>
        <value>2011-03-23 14:54:12</value>
      </configuration>
      <configuration name="who">
        <displayName>Who</displayName>
        <value>1</value>
      </configuration>
      <configurationGroup name="fields">
        <displayName>Fields</displayName>
        <configuration name="region">
          <value>region|UG-E</value>
        </configuration>
        <configuration name="code">
          <value>UG-221</value>
        </configuration>
        <configuration name="name">
          <value>MANAFWA</value>
        </configuration>
      </configurationGroup>
    </configurationGroup>
    <configurationGroup name="13">
      <displayName>13</displayName>
      <configuration name="last_modified">
        <displayName>Last Modified</displayName>
        <value>2011-03-23 14:54:12</value>
      </configuration>
      <configuration name="who">
        <displayName>Who</displayName>
        <value>1</value>
      </configuration>
      <configurationGroup name="fields">
        <displayName>Fields</displayName>
        <configuration name="region">
          <value>region|UG-E</value>
        </configuration>
        <configuration name="code">
          <value>UG-209</value>
        </configuration>
        <configuration name="name">
          <value>MBALE</value>
        </configuration>
      </configurationGroup>
    </configurationGroup>
    <configurationGroup name="14">
      <displayName>14</displayName>
      <configuration name="last_modified">
        <displayName>Last Modified</displayName>
        <value>2011-03-23 14:54:12</value>
      </configuration>
      <configuration name="who">
        <displayName>Who</displayName>
        <value>1</value>
      </configuration>
      <configurationGroup name="fields">
        <displayName>Fields</displayName>
        <configuration name="region">
          <value>region|UG-N</value>
        </configuration>
        <configuration name="code">
          <value>UG-309</value>
        </configuration>
        <configuration name="name">
          <value>MOYO</value>
        </configuration>
      </configurationGroup>
    </configurationGroup>
    <configurationGroup name="15">
      <displayName>15</displayName>
      <configuration name="last_modified">
        <displayName>Last Modified</displayName>
        <value>2011-03-23 14:54:12</value>
      </configuration>
      <configuration name="who">
        <displayName>Who</displayName>
        <value>1</value>
      </configuration>
      <configurationGroup name="fields">
        <displayName>Fields</displayName>
        <configuration name="region">
          <value>region|UG-N</value>
        </configuration>
        <configuration name="code">
          <value>UG-310</value>
        </configuration>
        <configuration name="name">
          <value>NEBBI</value>
        </configuration>
      </configurationGroup>
    </configurationGroup>
    <configurationGroup name="16">
      <displayName>16</displayName>
      <configuration name="last_modified">
        <displayName>Last Modified</displayName>
        <value>2011-03-23 14:54:12</value>
      </configuration>
      <configuration name="who">
        <displayName>Who</displayName>
        <value>1</value>
      </configuration>
      <configurationGroup name="fields">
        <displayName>Fields</displayName>
        <configuration name="region">
          <value>region|UG-E</value>
        </configuration>
        <configuration name="code">
          <value>UG-210</value>
        </configuration>
        <configuration name="name">
          <value>PALLISA</value>
        </configuration>
      </configurationGroup>
    </configurationGroup>
    <configurationGroup name="17">
      <displayName>17</displayName>
      <configuration name="last_modified">
        <displayName>Last Modified</displayName>
        <value>2011-03-23 14:54:12</value>
      </configuration>
      <configuration name="who">
        <displayName>Who</displayName>
        <value>1</value>
      </configuration>
      <configurationGroup name="fields">
        <displayName>Fields</displayName>
        <configuration name="region">
          <value>region|UG-E</value>
        </configuration>
        <configuration name="code">
          <value>UG-217</value>
        </configuration>
        <configuration name="name">
          <value>BUDAKA</value>
        </configuration>
      </configurationGroup>
    </configurationGroup>
    <configurationGroup name="18">
      <displayName>18</displayName>
      <configuration name="last_modified">
        <displayName>Last Modified</displayName>
        <value>2011-03-23 14:54:12</value>
      </configuration>
      <configuration name="who">
        <displayName>Who</displayName>
        <value>1</value>
      </configuration>
      <configurationGroup name="fields">
        <displayName>Fields</displayName>
        <configuration name="region">
          <value>region|UG-W</value>
        </configuration>
        <configuration name="code">
          <value>UG-412</value>
        </configuration>
        <configuration name="name">
          <value>RUKUNGIRI</value>
        </configuration>
      </configurationGroup>
    </configurationGroup>
    <configurationGroup name="19">
      <displayName>19</displayName>
      <configuration name="last_modified">
        <displayName>Last Modified</displayName>
        <value>2011-03-23 14:54:12</value>
      </configuration>
      <configuration name="who">
        <displayName>Who</displayName>
        <value>1</value>
      </configuration>
      <configurationGroup name="fields">
        <displayName>Fields</displayName>
        <configuration name="region">
          <value>region|UG-E</value>
        </configuration>
        <configuration name="code">
          <value>UG-215</value>
        </configuration>
        <configuration name="name">
          <value>SIRONKO</value>
        </configuration>
      </configurationGroup>
    </configurationGroup>
    <configurationGroup name="20">
      <displayName>20</displayName>
      <configuration name="last_modified">
        <displayName>Last Modified</displayName>
        <value>2011-03-23 14:54:12</value>
      </configuration>
      <configuration name="who">
        <displayName>Who</displayName>
        <value>1</value>
      </configuration>
      <configurationGroup name="fields">
        <displayName>Fields</displayName>
        <configuration name="region">
          <value>region|UG-E</value>
        </configuration>
        <configuration name="code">
          <value>UG-212</value>
        </configuration>
        <configuration name="name">
          <value>TORORO</value>
        </configuration>
      </configurationGroup>
    </configurationGroup>
    <configurationGroup name="21">
      <displayName>21</displayName>
      <configuration name="last_modified">
        <displayName>Last Modified</displayName>
        <value>2011-03-23 14:54:12</value>
      </configuration>
      <configuration name="who">
        <displayName>Who</displayName>
        <value>1</value>
      </configuration>
      <configurationGroup name="fields">
        <displayName>Fields</displayName>
        <configuration name="region">
          <value>region|UG-N</value>
        </configuration>
        <configuration name="code">
          <value>UG-313</value>
        </configuration>
        <configuration name="name">
          <value>YUMBE</value>
        </configuration>
      </configurationGroup>
    </configurationGroup>
    <configurationGroup name="22">
      <displayName>22</displayName>
      <configuration name="last_modified">
        <displayName>Last Modified</displayName>
        <value>2011-03-23 14:54:12</value>
      </configuration>
      <configuration name="who">
        <displayName>Who</displayName>
        <value>1</value>
      </configuration>
      <configurationGroup name="fields">
        <displayName>Fields</displayName>
        <configuration name="region">
          <value>region|UG-N</value>
        </configuration>
        <configuration name="code">
          <value>UG-317</value>
        </configuration>
        <configuration name="name">
          <value>ABIM</value>
        </configuration>
      </configurationGroup>
    </configurationGroup>
    <configurationGroup name="23">
      <displayName>23</displayName>
      <configuration name="last_modified">
        <displayName>Last Modified</displayName>
        <value>2011-03-23 14:54:12</value>
      </configuration>
      <configuration name="who">
        <displayName>Who</displayName>
        <value>1</value>
      </configuration>
      <configurationGroup name="fields">
        <displayName>Fields</displayName>
        <configuration name="region">
          <value>region|UG-N</value>
        </configuration>
        <configuration name="code">
          <value>UG-315</value>
        </configuration>
        <configuration name="name">
          <value>KAABONG</value>
        </configuration>
      </configurationGroup>
    </configurationGroup>
    <configurationGroup name="24">
      <displayName>24</displayName>
      <configuration name="last_modified">
        <displayName>Last Modified</displayName>
        <value>2011-03-23 14:54:12</value>
      </configuration>
      <configuration name="who">
        <displayName>Who</displayName>
        <value>1</value>
      </configuration>
      <configurationGroup name="fields">
        <displayName>Fields</displayName>
        <configuration name="region">
          <value>region|UG-N</value>
        </configuration>
        <configuration name="code">
          <value>UG-306</value>
        </configuration>
        <configuration name="name">
          <value>KOTIDO</value>
        </configuration>
      </configurationGroup>
    </configurationGroup>
    <configurationGroup name="25">
      <displayName>25</displayName>
      <configuration name="last_modified">
        <displayName>Last Modified</displayName>
        <value>2011-03-23 14:54:12</value>
      </configuration>
      <configuration name="who">
        <displayName>Who</displayName>
        <value>1</value>
      </configuration>
      <configurationGroup name="fields">
        <displayName>Fields</displayName>
        <configuration name="region">
          <value>region|UG-N</value>
        </configuration>
        <configuration name="code">
          <value>UG-311</value>
        </configuration>
        <configuration name="name">
          <value>NAKAPIRIPIRIT</value>
        </configuration>
      </configurationGroup>
    </configurationGroup>
    <configurationGroup name="26">
      <displayName>26</displayName>
      <configuration name="last_modified">
        <displayName>Last Modified</displayName>
        <value>2011-03-23 14:54:12</value>
      </configuration>
      <configuration name="who">
        <displayName>Who</displayName>
        <value>1</value>
      </configuration>
      <configurationGroup name="fields">
        <displayName>Fields</displayName>
        <configuration name="region">
          <value>region|UG-N</value>
        </configuration>
        <configuration name="code">
          <value>UG-308</value>
        </configuration>
        <configuration name="name">
          <value>MOROTO</value>
        </configuration>
      </configurationGroup>
    </configurationGroup>
    <configurationGroup name="27">
      <displayName>27</displayName>
      <configuration name="last_modified">
        <displayName>Last Modified</displayName>
        <value>2011-03-23 14:54:12</value>
      </configuration>
      <configuration name="who">
        <displayName>Who</displayName>
        <value>1</value>
      </configuration>
      <configurationGroup name="fields">
        <displayName>Fields</displayName>
        <configuration name="region">
          <value>region|UG-E</value>
        </configuration>
        <configuration name="code">
          <value>UG-218</value>
        </configuration>
        <configuration name="name">
          <version>4.0.12.1</version>
          <value>BUKWO</value>
        </configuration>
      </configurationGroup>
    </configurationGroup>
    <configurationGroup name="28">
      <displayName>28</displayName>
      <configuration name="last_modified">
        <displayName>Last Modified</displayName>
        <value>2011-03-23 14:54:12</value>
      </configuration>
      <configuration name="who">
        <displayName>Who</displayName>
        <value>1</value>
      </configuration>
      <configurationGroup name="fields">
        <displayName>Fields</displayName>
        <configuration name="region">
          <value>region|UG-E</value>
        </configuration>
        <configuration name="code">
          <value>UG-206</value>
        </configuration>
        <configuration name="name">
          <value>KAPCHORWA</value>
        </configuration>
      </configurationGroup>
    </configurationGroup>
    <configurationGroup name="29">
      <displayName>29</displayName>
      <configuration name="last_modified">
        <displayName>Last Modified</displayName>
        <value>2011-03-23 14:54:12</value>
      </configuration>
      <configuration name="who">
        <displayName>Who</displayName>
        <value>1</value>
      </configuration>
      <configurationGroup name="fields">
        <displayName>Fields</displayName>
        <configuration name="region">
          <value>region|UG-N</value>
        </configuration>
        <configuration name="code">
          <value>UG-314</value>
        </configuration>
        <configuration name="name">
          <value>AMOLATAR</value>
        </configuration>
      </configurationGroup>
    </configurationGroup>
    <configurationGroup name="30">
      <displayName>30</displayName>
      <configuration name="last_modified">
        <displayName>Last Modified</displayName>
        <value>2011-03-23 14:54:12</value>
      </configuration>
      <configuration name="who">
        <displayName>Who</displayName>
        <value>1</value>
      </configuration>
      <configurationGroup name="fields">
        <displayName>Fields</displayName>
        <configuration name="region">
          <value>region|UG-N</value>
        </configuration>
        <configuration name="code">
          <value>UG-302</value>
        </configuration>
        <configuration name="name">
          <value>APAC</value>
        </configuration>
      </configurationGroup>
    </configurationGroup>
    <configurationGroup name="31">
      <displayName>31</displayName>
      <configuration name="last_modified">
        <displayName>Last Modified</displayName>
        <value>2011-03-23 14:54:12</value>
      </configuration>
      <configuration name="who">
        <displayName>Who</displayName>
        <value>1</value>
      </configuration>
      <configurationGroup name="fields">
        <displayName>Fields</displayName>
        <configuration name="region">
          <value>region|UG-N</value>
        </configuration>
        <configuration name="code">
          <value>UG-307</value>
        </configuration>
        <configuration name="name">
          <value>LIRA</value>
        </configuration>
      </configurationGroup>
    </configurationGroup>
    <configurationGroup name="32">
      <displayName>32</displayName>
      <configuration name="last_modified">
        <displayName>Last Modified</displayName>
        <value>2011-03-23 14:54:12</value>
      </configuration>
      <configuration name="who">
        <displayName>Who</displayName>
        <value>1</value>
      </configuration>
      <configurationGroup name="fields">
        <displayName>Fields</displayName>
        <configuration name="region">
          <value>region|UG-N</value>
        </configuration>
        <configuration name="code">
          <value>UG-321</value>
        </configuration>
        <configuration name="name">
          <value>OYAM</value>
        </configuration>
      </configurationGroup>
    </configurationGroup>
    <configurationGroup name="33">
      <displayName>33</displayName>
      <configuration name="last_modified">
        <displayName>Last Modified</displayName>
        <value>2011-03-23 14:54:12</value>
      </configuration>
      <configuration name="who">
        <displayName>Who</displayName>
        <value>1</value>
      </configuration>
      <configurationGroup name="fields">
        <displayName>Fields</displayName>
        <configuration name="region">
          <value>region|UG-N</value>
        </configuration>
        <configuration name="code">
          <value>UG-318</value>
        </configuration>
        <configuration name="name">
          <value>DOKOLO</value>
        </configuration>
      </configurationGroup>
    </configurationGroup>
    <configurationGroup name="34">
      <displayName>34</displayName>
      <configuration name="last_modified">
        <displayName>Last Modified</displayName>
        <value>2011-03-23 14:54:12</value>
      </configuration>
      <configuration name="who">
        <displayName>Who</displayName>
        <value>1</value>
      </configuration>
      <configurationGroup name="fields">
        <displayName>Fields</displayName>
        <configuration name="region">
          <value>region|UG-N</value>
        </configuration>
        <configuration name="code">
          <value>UG-304</value>
        </configuration>
        <configuration name="name">
          <value>GULU</value>
        </configuration>
      </configurationGroup>
    </configurationGroup>
    <configurationGroup name="35">
      <displayName>35</displayName>
      <configuration name="last_modified">
        <displayName>Last Modified</displayName>
        <value>2011-03-23 14:54:12</value>
      </configuration>
      <configuration name="who">
        <displayName>Who</displayName>
        <value>1</value>
      </configuration>
      <configurationGroup name="fields">
        <displayName>Fields</displayName>
        <configuration name="region">
          <value>region|UG-N</value>
        </configuration>
        <configuration name="code">
          <value>UG-319</value>
        </configuration>
        <configuration name="name">
          <value>AMURU</value>
        </configuration>
      </configurationGroup>
    </configurationGroup>
    <configurationGroup name="36">
      <displayName>36</displayName>
      <configuration name="last_modified">
        <displayName>Last Modified</displayName>
        <value>2011-03-23 14:54:12</value>
      </configuration>
      <configuration name="who">
        <displayName>Who</displayName>
        <value>1</value>
      </configuration>
      <configurationGroup name="fields">
        <displayName>Fields</displayName>
        <configuration name="region">
          <value>region|UG-N</value>
        </configuration>
        <configuration name="code">
          <value>UG-312</value>
        </configuration>
        <configuration name="name">
          <value>PADER</value>
        </configuration>
      </configurationGroup>
    </configurationGroup>
    <configurationGroup name="37">
      <displayName>37</displayName>
      <configuration name="last_modified">
        <displayName>Last Modified</displayName>
        <value>2011-03-23 14:54:12</value>
      </configuration>
      <configuration name="who">
        <displayName>Who</displayName>
        <value>1</value>
      </configuration>
      <configurationGroup name="fields">
        <displayName>Fields</displayName>
        <configuration name="region">
          <value>region|UG-N</value>
        </configuration>
        <configuration name="code">
          <value>UG-305</value>
        </configuration>
        <configuration name="name">
          <value>KITGUM</value>
        </configuration>
      </configurationGroup>
    </configurationGroup>
    <configurationGroup name="38">
      <displayName>38</displayName>
      <configuration name="last_modified">
        <displayName>Last Modified</displayName>
        <value>2011-03-23 14:54:12</value>
      </configuration>
      <configuration name="who">
        <displayName>Who</displayName>
        <value>1</value>
      </configuration>
      <configurationGroup name="fields">
        <displayName>Fields</displayName>
        <configuration name="region">
          <value>region|UG-E</value>
        </configuration>
        <configuration name="code">
          <value>UG-201</value>
        </configuration>
        <configuration name="name">
          <value>BUGIRI</value>
        </configuration>
      </configurationGroup>
    </configurationGroup>
    <configurationGroup name="39">
      <displayName>39</displayName>
      <configuration name="last_modified">
        <displayName>Last Modified</displayName>
        <value>2011-03-23 14:54:12</value>
      </configuration>
      <configuration name="who">
        <displayName>Who</displayName>
        <value>1</value>
      </configuration>
      <configurationGroup name="fields">
        <displayName>Fields</displayName>
        <configuration name="region">
          <value>region|UG-E</value>
        </configuration>
        <configuration name="code">
          <value>UG-203</value>
        </configuration>
        <configuration name="name">
          <value>IGANGA</value>
        </configuration>
      </configurationGroup>
    </configurationGroup>
    <configurationGroup name="40">
      <displayName>40</displayName>
      <configuration name="last_modified">
        <displayName>Last Modified</displayName>
        <value>2011-03-23 14:54:12</value>
      </configuration>
      <configuration name="who">
        <displayName>Who</displayName>
        <value>1</value>
      </configuration>
      <configurationGroup name="fields">
        <displayName>Fields</displayName>
        <configuration name="region">
          <value>region|UG-E</value>
        </configuration>
        <configuration name="code">
          <value>UG-204</value>
        </configuration>
        <configuration name="name">
          <value>JINJA</value>
        </configuration>
      </configurationGroup>
    </configurationGroup>
    <configurationGroup name="41">
      <displayName>41</displayName>
      <configuration name="last_modified">
        <displayName>Last Modified</displayName>
        <value>2011-03-23 14:54:12</value>
      </configuration>
      <configuration name="who">
        <displayName>Who</displayName>
        <value>1</value>
      </configuration>
      <configurationGroup name="fields">
        <displayName>Fields</displayName>
        <configuration name="region">
          <value>region|UG-E</value>
        </configuration>
        <configuration name="code">
          <value>UG-214</value>
        </configuration>
        <configuration name="name">
          <value>MAYUGE</value>
        </configuration>
      </configurationGroup>
    </configurationGroup>
    <configurationGroup name="42">
      <displayName>42</displayName>
      <configuration name="last_modified">
        <displayName>Last Modified</displayName>
        <value>2011-03-23 14:54:12</value>
      </configuration>
      <configuration name="who">
        <displayName>Who</displayName>
        <value>1</value>
      </configuration>
      <configurationGroup name="fields">
        <displayName>Fields</displayName>
        <configuration name="region">
          <value>region|UG-E</value>
        </configuration>
        <configuration name="code">
          <value>UG-220</value>
        </configuration>
        <configuration name="name">
          <value>KALIRO</value>
        </configuration>
      </configurationGroup>
    </configurationGroup>
    <configurationGroup name="43">
      <displayName>43</displayName>
      <configuration name="last_modified">
        <displayName>Last Modified</displayName>
        <value>2011-03-23 14:54:12</value>
      </configuration>
      <configuration name="who">
        <displayName>Who</displayName>
        <value>1</value>
      </configuration>
      <configurationGroup name="fields">
        <displayName>Fields</displayName>
        <configuration name="region">
          <value>region|UG-E</value>
        </configuration>
        <configuration name="code">
          <value>UG-222</value>
        </configuration>
        <configuration name="name">
          <value>NAMUTUMBA</value>
        </configuration>
      </configurationGroup>
    </configurationGroup>
    <configurationGroup name="44">
      <displayName>44</displayName>
      <configuration name="last_modified">
        <displayName>Last Modified</displayName>
        <value>2011-03-23 14:54:12</value>
      </configuration>
      <configuration name="who">
        <displayName>Who</displayName>
        <value>1</value>
      </configuration>
      <configurationGroup name="fields">
        <displayName>Fields</displayName>
        <configuration name="region">
          <value>region|UG-E</value>
        </configuration>
        <configuration name="code">
          <value>UG-205</value>
        </configuration>
        <configuration name="name">
          <value>KAMULI</value>
        </configuration>
      </configurationGroup>
    </configurationGroup>
    <configurationGroup name="45">
      <displayName>45</displayName>
      <configuration name="last_modified">
        <displayName>Last Modified</displayName>
        <value>2011-03-23 14:54:12</value>
      </configuration>
      <configuration name="who">
        <displayName>Who</displayName>
        <value>1</value>
      </configuration>
      <configurationGroup name="fields">
        <displayName>Fields</displayName>
        <configuration name="region">
          <value>region|UG-W</value>
        </configuration>
        <configuration name="code">
          <value>UG-410</value>
        </configuration>
        <configuration name="name">
          <value>MBARARA</value>
        </configuration>
      </configurationGroup>
    </configurationGroup>
    <configurationGroup name="46">
      <displayName>46</displayName>
      <configuration name="last_modified">
        <displayName>Last Modified</displayName>
        <value>2011-03-23 14:54:12</value>
      </configuration>
      <configuration name="who">
        <displayName>Who</displayName>
        <value>1</value>
      </configuration>
      <configurationGroup name="fields">
        <displayName>Fields</displayName>
        <configuration name="region">
          <value>region|UG-W</value>
        </configuration>
        <configuration name="code">
          <value>UG-402</value>
        </configuration>
        <configuration name="name">
          <value>BUSHENYI</value>
        </configuration>
      </configurationGroup>
    </configurationGroup>
    <configurationGroup name="47">
      <displayName>47</displayName>
      <configuration name="last_modified">
        <displayName>Last Modified</displayName>
        <value>2011-03-23 14:54:12</value>
      </configuration>
      <configuration name="who">
        <displayName>Who</displayName>
        <value>1</value>
      </configuration>
      <configurationGroup name="fields">
        <displayName>Fields</displayName>
        <configuration name="region">
          <value>region|UG-W</value>
        </configuration>
        <configuration name="code">
          <value>UG-411</value>
        </configuration>
        <configuration name="name">
          <value>NTUNGAMO</value>
        </configuration>
      </configurationGroup>
    </configurationGroup>
    <configurationGroup name="48">
      <displayName>48</displayName>
      <configuration name="last_modified">
        <displayName>Last Modified</displayName>
        <value>2011-03-23 14:54:12</value>
      </configuration>
      <configuration name="who">
        <displayName>Who</displayName>
        <value>1</value>
      </configuration>
      <configurationGroup name="fields">
        <displayName>Fields</displayName>
        <configuration name="region">
          <value>region|UG-W</value>
        </configuration>
        <configuration name="code">
          <value>UG-416</value>
        </configuration>
        <configuration name="name">
          <value>IBANDA</value>
        </configuration>
      </configurationGroup>
    </configurationGroup>
    <configurationGroup name="49">
      <displayName>49</displayName>
      <configuration name="last_modified">
        <displayName>Last Modified</displayName>
        <value>2011-03-23 14:54:12</value>
      </configuration>
      <configuration name="who">
        <displayName>Who</displayName>
        <value>1</value>
      </configuration>
      <configurationGroup name="fields">
        <displayName>Fields</displayName>
        <configuration name="region">
          <value>region|UG-W</value>
        </configuration>
        <configuration name="code">
          <value>UG-417</value>
        </configuration>
        <configuration name="name">
          <value>ISINGIRO</value>
        </configuration>
      </configurationGroup>
    </configurationGroup>
    <configurationGroup name="50">
      <displayName>50</displayName>
      <configuration name="last_modified">
        <displayName>Last Modified</displayName>
        <value>2011-03-23 14:54:12</value>
      </configuration>
      <configuration name="who">
        <displayName>Who</displayName>
        <value>1</value>
      </configuration>
      <configurationGroup name="fields">
        <displayName>Fields</displayName>
        <configuration name="region">
          <value>region|UG-W</value>
        </configuration>
        <configuration name="code">
          <value>UG-418</value>
        </configuration>
        <configuration name="name">
          <value>KIRUHURA</value>
        </configuration>
      </configurationGroup>
    </configurationGroup>
    <configurationGroup name="51">
      <displayName>51</displayName>
      <configuration name="last_modified">
        <displayName>Last Modified</displayName>
        <value>2011-03-23 14:54:12</value>
      </configuration>
      <configuration name="who">
        <displayName>Who</displayName>
        <value>1</value>
      </configuration>
      <configurationGroup name="fields">
        <displayName>Fields</displayName>
        <configuration name="region">
          <value>region|UG-C</value>
        </configuration>
        <configuration name="code">
          <value>UG-112</value>
        </configuration>
        <configuration name="name">
          <value>KAYUNGA</value>
        </configuration>
      </configurationGroup>
    </configurationGroup>
    <configurationGroup name="52">
      <displayName>52</displayName>
      <configuration name="last_modified">
        <displayName>Last Modified</displayName>
        <value>2011-03-23 14:54:12</value>
      </configuration>
      <configuration name="who">
        <displayName>Who</displayName>
        <value>1</value>
      </configuration>
      <configurationGroup name="fields">
        <displayName>Fields</displayName>
        <configuration name="region">
          <value>region|UG-C</value>
        </configuration>
        <configuration name="code">
          <value>UG-101</value>
        </configuration>
        <configuration name="name">
          <value>KALANGALA</value>
        </configuration>
      </configurationGroup>
    </configurationGroup>
    <configurationGroup name="53">
      <displayName>53</displayName>
      <configuration name="last_modified">
        <displayName>Last Modified</displayName>
        <value>2011-03-23 14:54:12</value>
      </configuration>
      <configuration name="who">
        <displayName>Who</displayName>
        <value>1</value>
      </configuration>
      <configurationGroup name="fields">
        <displayName>Fields</displayName>
        <configuration name="region">
          <value>region|UG-C</value>
        </configuration>
        <configuration name="code">
          <value>UG-103</value>
        </configuration>
        <configuration name="name">
          <value>KIBOGA</value>
        </configuration>
      </configurationGroup>
    </configurationGroup>
    <configurationGroup name="54">
      <displayName>54</displayName>
      <configuration name="last_modified">
        <displayName>Last Modified</displayName>
        <value>2011-03-23 14:54:12</value>
      </configuration>
      <configuration name="who">
        <displayName>Who</displayName>
        <value>1</value>
      </configuration>
      <configurationGroup name="fields">
        <displayName>Fields</displayName>
        <configuration name="region">
          <value>region|UG-C</value>
        </configuration>
        <configuration name="code">
          <value>UG-104</value>
        </configuration>
        <configuration name="name">
          <value>LUWERO</value>
        </configuration>
      </configurationGroup>
    </configurationGroup>
    <configurationGroup name="55">
      <displayName>55</displayName>
      <configuration name="last_modified">
        <displayName>Last Modified</displayName>
        <value>2011-03-23 14:54:12</value>
      </configuration>
      <configuration name="who">
        <displayName>Who</displayName>
        <value>1</value>
      </configuration>
      <configurationGroup name="fields">
        <displayName>Fields</displayName>
        <configuration name="region">
          <value>region|UG-C</value>
        </configuration>
        <configuration name="code">
          <value>UG-116</value>
        </configuration>
        <configuration name="name">
          <value>LYANTONDE</value>
        </configuration>
      </configurationGroup>
    </configurationGroup>
    <configurationGroup name="56">
      <displayName>56</displayName>
      <configuration name="last_modified">
        <displayName>Last Modified</displayName>
        <value>2011-03-23 14:54:12</value>
      </configuration>
      <configuration name="who">
        <displayName>Who</displayName>
        <value>1</value>
      </configuration>
      <configurationGroup name="fields">
        <displayName>Fields</displayName>
        <configuration name="region">
          <value>region|UG-C</value>
        </configuration>
        <configuration name="code">
          <value>UG-105</value>
        </configuration>
        <configuration name="name">
          <value>MASAKA</value>
        </configuration>
      </configurationGroup>
    </configurationGroup>
    <configurationGroup name="57">
      <displayName>57</displayName>
      <configuration name="last_modified">
        <displayName>Last Modified</displayName>
        <value>2011-03-23 14:54:12</value>
      </configuration>
      <configuration name="who">
        <displayName>Who</displayName>
        <value>1</value>
      </configuration>
      <configurationGroup name="fields">
        <displayName>Fields</displayName>
        <configuration name="region">
          <value>region|UG-C</value>
        </configuration>
        <configuration name="code">
          <value>UG-106</value>
        </configuration>
        <configuration name="name">
          <value>MPIGI</value>
        </configuration>
      </configurationGroup>
    </configurationGroup>
    <configurationGroup name="58">
      <displayName>58</displayName>
      <configuration name="last_modified">
        <displayName>Last Modified</displayName>
        <value>2011-03-23 14:54:12</value>
      </configuration>
      <configuration name="who">
        <displayName>Who</displayName>
        <value>1</value>
      </configuration>
      <configurationGroup name="fields">
        <displayName>Fields</displayName>
        <configuration name="region">
          <value>region|UG-C</value>
        </configuration>
        <configuration name="code">
          <value>UG-107</value>
        </configuration>
        <configuration name="name">
          <value>MUBENDE</value>
        </configuration>
      </configurationGroup>
    </configurationGroup>
    <configurationGroup name="59">
      <displayName>59</displayName>
      <configuration name="last_modified">
        <displayName>Last Modified</displayName>
        <value>2011-03-23 14:54:12</value>
      </configuration>
      <configuration name="who">
        <displayName>Who</displayName>
        <value>1</value>
      </configuration>
      <configurationGroup name="fields">
        <displayName>Fields</displayName>
        <configuration name="region">
          <value>region|UG-C</value>
        </configuration>
        <configuration name="code">
          <value>UG-108</value>
        </configuration>
        <configuration name="name">
          <value>MUKONO</value>
        </configuration>
      </configurationGroup>
    </configurationGroup>
    <configurationGroup name="60">
      <displayName>60</displayName>
      <configuration name="last_modified">
        <displayName>Last Modified</displayName>
        <value>2011-03-23 14:54:12</value>
      </configuration>
      <configuration name="who">
        <displayName>Who</displayName>
        <value>1</value>
      </configuration>
      <configurationGroup name="fields">
        <displayName>Fields</displayName>
        <configuration name="region">
          <value>region|UG-C</value>
        </configuration>
        <configuration name="code">
          <value>UG-114</value>
        </configuration>
        <configuration name="name">
          <value>MITYANA</value>
        </configuration>
      </configurationGroup>
    </configurationGroup>
    <configurationGroup name="61">
      <displayName>61</displayName>
      <configuration name="last_modified">
        <displayName>Last Modified</displayName>
        <value>2011-03-23 14:54:12</value>
      </configuration>
      <configuration name="who">
        <displayName>Who</displayName>
        <value>1</value>
      </configuration>
      <configurationGroup name="fields">
        <displayName>Fields</displayName>
        <configuration name="region">
          <value>region|UG-C</value>
        </configuration>
        <configuration name="code">
          <value>UG-115</value>
        </configuration>
        <configuration name="name">
          <value>NAKASEKE</value>
        </configuration>
      </configurationGroup>
    </configurationGroup>
    <configurationGroup name="62">
      <displayName>62</displayName>
      <configuration name="last_modified">
        <displayName>Last Modified</displayName>
        <value>2011-03-23 14:54:12</value>
      </configuration>
      <configuration name="who">
        <displayName>Who</displayName>
        <value>1</value>
      </configuration>
      <configurationGroup name="fields">
        <displayName>Fields</displayName>
        <configuration name="region">
          <value>region|UG-C</value>
        </configuration>
        <configuration name="code">
          <value>UG-109</value>
        </configuration>
        <configuration name="name">
          <value>NAKASONGOLA</value>
        </configuration>
      </configurationGroup>
    </configurationGroup>
    <configurationGroup name="63">
      <displayName>63</displayName>
      <configuration name="last_modified">
        <displayName>Last Modified</displayName>
        <value>2011-03-23 14:54:12</value>
      </configuration>
      <configuration name="who">
        <displayName>Who</displayName>
        <value>1</value>
      </configuration>
      <configurationGroup name="fields">
        <displayName>Fields</displayName>
        <configuration name="region">
          <value>region|UG-C</value>
        </configuration>
        <configuration name="code">
          <value>UG-110</value>
        </configuration>
        <configuration name="name">
          <value>RAKAI</value>
        </configuration>
      </configurationGroup>
    </configurationGroup>
    <configurationGroup name="64">
      <displayName>64</displayName>
      <configuration name="last_modified">
        <displayName>Last Modified</displayName>
        <value>2011-03-23 14:54:12</value>
      </configuration>
      <configuration name="who">
        <displayName>Who</displayName>
        <value>1</value>
      </configuration>
      <configurationGroup name="fields">
        <displayName>Fields</displayName>
        <configuration name="region">
          <value>region|UG-C</value>
        </configuration>
        <configuration name="code">
          <value>UG-111</value>
        </configuration>
        <configuration name="name">
          <version>4.0.12.1</version>
          <value>SEMBABULE</value>
        </configuration>
      </configurationGroup>
    </configurationGroup>
    <configurationGroup name="65">
      <displayName>65</displayName>
      <configuration name="last_modified">
        <displayName>Last Modified</displayName>
        <value>2011-03-23 14:54:12</value>
      </configuration>
      <configuration name="who">
        <displayName>Who</displayName>
        <value>1</value>
      </configuration>
      <configurationGroup name="fields">
        <displayName>Fields</displayName>
        <configuration name="region">
          <value>region|UG-C</value>
        </configuration>
        <configuration name="code">
          <value>UG-113</value>
        </configuration>
        <configuration name="name">
          <value>WAKISO</value>
        </configuration>
      </configurationGroup>
    </configurationGroup>
    <configurationGroup name="66">
      <displayName>66</displayName>
      <configuration name="last_modified">
        <displayName>Last Modified</displayName>
        <value>2011-03-23 14:54:12</value>
      </configuration>
      <configuration name="who">
        <displayName>Who</displayName>
        <value>1</value>
      </configuration>
      <configurationGroup name="fields">
        <displayName>Fields</displayName>
        <configuration name="region">
          <value>region|UG-W</value>
        </configuration>
        <configuration name="code">
          <value>UG-403</value>
        </configuration>
        <configuration name="name">
          <value>HOIMA</value>
        </configuration>
      </configurationGroup>
    </configurationGroup>
    <configurationGroup name="67">
      <displayName>67</displayName>
      <configuration name="last_modified">
        <displayName>Last Modified</displayName>
        <value>2011-03-23 14:54:12</value>
      </configuration>
      <configuration name="who">
        <displayName>Who</displayName>
        <value>1</value>
      </configuration>
      <configurationGroup name="fields">
        <displayName>Fields</displayName>
        <configuration name="region">
          <value>region|UG-W</value>
        </configuration>
        <configuration name="code">
          <value>UG-407</value>
        </configuration>
        <configuration name="name">
          <value>KIBAALE</value>
        </configuration>
      </configurationGroup>
    </configurationGroup>
    <configurationGroup name="68">
      <displayName>68</displayName>
      <configuration name="last_modified">
        <displayName>Last Modified</displayName>
        <value>2011-03-23 14:54:12</value>
      </configuration>
      <configuration name="who">
        <displayName>Who</displayName>
        <value>1</value>
      </configuration>
      <configurationGroup name="fields">
        <displayName>Fields</displayName>
        <configuration name="region">
          <value>region|UG-W</value>
        </configuration>
        <configuration name="code">
          <value>UG-409</value>
        </configuration>
        <configuration name="name">
          <value>MASINDI</value>
        </configuration>
      </configurationGroup>
    </configurationGroup>
    <configurationGroup name="69">
      <displayName>69</displayName>
      <configuration name="last_modified">
        <displayName>Last Modified</displayName>
        <value>2011-03-23 14:54:12</value>
      </configuration>
      <configuration name="who">
        <displayName>Who</displayName>
        <value>1</value>
      </configuration>
      <configurationGroup name="fields">
        <displayName>Fields</displayName>
        <configuration name="region">
          <value>region|UG-W</value>
        </configuration>
        <configuration name="code">
          <value>UG-419</value>
        </configuration>
        <configuration name="name">
          <value>BULIISA</value>
        </configuration>
      </configurationGroup>
    </configurationGroup>
    <configurationGroup name="70">
      <displayName>70</displayName>
      <configuration name="last_modified">
        <displayName>Last Modified</displayName>
        <value>2011-03-23 14:54:12</value>
      </configuration>
      <configuration name="who">
        <displayName>Who</displayName>
        <value>1</value>
      </configuration>
      <configurationGroup name="fields">
        <displayName>Fields</displayName>
        <configuration name="region">
          <value>region|UG-E</value>
        </configuration>
        <configuration name="code">
          <value>UG-216</value>
        </configuration>
        <configuration name="name">
          <value>AMURIA</value>
        </configuration>
      </configurationGroup>
    </configurationGroup>
    <configurationGroup name="71">
      <displayName>71</displayName>
      <configuration name="last_modified">
        <displayName>Last Modified</displayName>
        <value>2011-03-23 14:54:12</value>
      </configuration>
      <configuration name="who">
        <displayName>Who</displayName>
        <value>1</value>
      </configuration>
      <configurationGroup name="fields">
        <displayName>Fields</displayName>
        <configuration name="region">
          <value>region|UG-E</value>
        </configuration>
        <configuration name="code">
          <value>UG-224</value>
        </configuration>
        <configuration name="name">
          <value>BUKEDEA</value>
        </configuration>
      </configurationGroup>
    </configurationGroup>
    <configurationGroup name="72">
      <displayName>72</displayName>
      <configuration name="last_modified">
        <displayName>Last Modified</displayName>
        <value>2011-03-23 14:54:12</value>
      </configuration>
      <configuration name="who">
        <displayName>Who</displayName>
        <value>1</value>
      </configuration>
      <configurationGroup name="fields">
        <displayName>Fields</displayName>
        <configuration name="region">
          <value>region|UG-E</value>
        </configuration>
        <configuration name="code">
          <value>UG-213</value>
        </configuration>
        <configuration name="name">
          <value>KABERAMAIDO</value>
        </configuration>
      </configurationGroup>
    </configurationGroup>
    <configurationGroup name="73">
      <displayName>73</displayName>
      <configuration name="last_modified">
        <displayName>Last Modified</displayName>
        <value>2011-03-23 14:54:12</value>
      </configuration>
      <configuration name="who">
        <displayName>Who</displayName>
        <value>1</value>
      </configuration>
      <configurationGroup name="fields">
        <displayName>Fields</displayName>
        <configuration name="region">
          <value>region|UG-E</value>
        </configuration>
        <configuration name="code">
          <value>UG-208</value>
        </configuration>
        <configuration name="name">
          <value>KUMI</value>
        </configuration>
      </configurationGroup>
    </configurationGroup>
    <configurationGroup name="74">
      <displayName>74</displayName>
      <configuration name="last_modified">
        <displayName>Last Modified</displayName>
        <value>2011-03-23 14:54:12</value>
      </configuration>
      <configuration name="who">
        <displayName>Who</displayName>
        <value>1</value>
      </configuration>
      <configurationGroup name="fields">
        <displayName>Fields</displayName>
        <configuration name="region">
          <value>region|UG-E</value>
        </configuration>
        <configuration name="code">
          <value>UG-211</value>
        </configuration>
        <configuration name="name">
          <value>SOROTI</value>
        </configuration>
      </configurationGroup>
    </configurationGroup>
    <configurationGroup name="75">
      <displayName>75</displayName>
      <configuration name="last_modified">
        <displayName>Last Modified</displayName>
        <value>2011-03-23 14:54:12</value>
      </configuration>
      <configuration name="who">
        <displayName>Who</displayName>
        <value>1</value>
      </configuration>
      <configurationGroup name="fields">
        <displayName>Fields</displayName>
        <configuration name="region">
          <value>region|UG-E</value>
        </configuration>
        <configuration name="code">
          <value>UG-207</value>
        </configuration>
        <configuration name="name">
          <value>KATAKWI</value>
        </configuration>
      </configurationGroup>
    </configurationGroup>
    <configurationGroup name="76">
      <displayName>76</displayName>
      <configuration name="last_modified">
        <displayName>Last Modified</displayName>
        <value>2011-03-23 14:54:12</value>
      </configuration>
      <configuration name="who">
        <displayName>Who</displayName>
        <value>1</value>
      </configuration>
      <configurationGroup name="fields">
        <displayName>Fields</displayName>
        <configuration name="region">
          <value>region|UG-W</value>
        </configuration>
        <configuration name="code">
          <value>UG-405</value>
        </configuration>
        <configuration name="name">
          <value>KABAROLE</value>
        </configuration>
      </configurationGroup>
    </configurationGroup>
    <configurationGroup name="77">
      <displayName>77</displayName>
      <configuration name="last_modified">
        <displayName>Last Modified</displayName>
        <value>2011-03-23 14:54:12</value>
      </configuration>
      <configuration name="who">
        <displayName>Who</displayName>
        <value>1</value>
      </configuration>
      <configurationGroup name="fields">
        <displayName>Fields</displayName>
        <configuration name="region">
          <value>region|UG-W</value>
        </configuration>
        <configuration name="code">
          <value>UG-413</value>
        </configuration>
        <configuration name="name">
          <value>KAMWENGE</value>
        </configuration>
      </configurationGroup>
    </configurationGroup>
    <configurationGroup name="78">
      <displayName>78</displayName>
      <configuration name="last_modified">
        <displayName>Last Modified</displayName>
        <value>2011-03-23 14:54:12</value>
      </configuration>
      <configuration name="who">
        <displayName>Who</displayName>
        <value>1</value>
      </configuration>
      <configurationGroup name="fields">
        <displayName>Fields</displayName>
        <configuration name="region">
          <value>region|UG-W</value>
        </configuration>
        <configuration name="code">
          <value>UG-415</value>
        </configuration>
        <configuration name="name">
          <value>KYENJOJO</value>
        </configuration>
      </configurationGroup>
    </configurationGroup>
    <configurationGroup name="79">
      <displayName>79</displayName>
      <configuration name="last_modified">
        <displayName>Last Modified</displayName>
        <value>2011-03-23 14:54:12</value>
      </configuration>
      <configuration name="who">
        <displayName>Who</displayName>
        <value>1</value>
      </configuration>
      <configurationGroup name="fields">
        <displayName>Fields</displayName>
        <configuration name="region">
          <value>region|UG-E</value>
        </configuration>
        <configuration name="code">
          <value>UG-223</value>
        </configuration>
        <configuration name="name">
          <value>BUDUDA</value>
        </configuration>
      </configurationGroup>
    </configurationGroup>
    <configurationGroup name="80">
      <displayName>80</displayName>
      <configuration name="last_modified">
        <displayName>Last Modified</displayName>
        <value>2011-03-23 14:54:12</value>
      </configuration>
      <configuration name="who">
        <displayName>Who</displayName>
        <value>1</value>
      </configuration>
      <configurationGroup name="fields">
        <displayName>Fields</displayName>
        <configuration name="region">
          <value>region|UG-N</value>
        </configuration>
        <configuration name="code">
          <value></value>
        </configuration>
        <configuration name="name">
          <value>AMUDAT</value>
        </configuration>
      </configurationGroup>
    </configurationGroup>
    <configurationGroup name="81">
      <displayName>81</displayName>
      <configuration name="last_modified">
        <displayName>Last Modified</displayName>
        <value>2011-03-23 14:54:12</value>
      </configuration>
      <configuration name="who">
        <displayName>Who</displayName>
        <value>1</value>
      </configuration>
      <configurationGroup name="fields">
        <displayName>Fields</displayName>
        <configuration name="region">
          <value>region|UG-C</value>
        </configuration>
        <configuration name="code">
          <value></value>
        </configuration>
        <configuration name="name">
          <value>BUIKWE</value>
        </configuration>
      </configurationGroup>
    </configurationGroup>
    <configurationGroup name="82">
      <displayName>82</displayName>
      <configuration name="last_modified">
        <displayName>Last Modified</displayName>
        <value>2011-03-23 14:54:12</value>
      </configuration>
      <configuration name="who">
        <displayName>Who</displayName>
        <value>1</value>
      </configuration>
      <configurationGroup name="fields">
        <displayName>Fields</displayName>
        <configuration name="region">
          <value>region|UG-E</value>
        </configuration>
        <configuration name="code">
          <value></value>
        </configuration>
        <configuration name="name">
          <value>BUYENDE</value>
        </configuration>
      </configurationGroup>
    </configurationGroup>
    <configurationGroup name="83">
      <displayName>83</displayName>
      <configuration name="last_modified">
        <displayName>Last Modified</displayName>
        <value>2011-03-23 14:54:12</value>
      </configuration>
      <configuration name="who">
        <displayName>Who</displayName>
        <value>1</value>
      </configuration>
      <configurationGroup name="fields">
        <displayName>Fields</displayName>
        <configuration name="region">
          <value>region|UG-W</value>
        </configuration>
        <configuration name="code">
          <value></value>
        </configuration>
        <configuration name="name">
          <value>KYEGEGWA</value>
        </configuration>
      </configurationGroup>
    </configurationGroup>
    <configurationGroup name="84">
      <displayName>84</displayName>
      <configuration name="last_modified">
        <displayName>Last Modified</displayName>
        <value>2011-03-23 14:54:12</value>
      </configuration>
      <configuration name="who">
        <displayName>Who</displayName>
        <value>1</value>
      </configuration>
      <configurationGroup name="fields">
        <displayName>Fields</displayName>
        <configuration name="region">
          <value>region|UG-N</value>
        </configuration>
        <configuration name="code">
          <value></value>
        </configuration>
        <configuration name="name">
          <value>LAMWO</value>
        </configuration>
      </configurationGroup>
    </configurationGroup>
    <configurationGroup name="85">
      <displayName>85</displayName>
      <configuration name="last_modified">
        <displayName>Last Modified</displayName>
        <value>2011-03-23 14:54:12</value>
      </configuration>
      <configuration name="who">
        <displayName>Who</displayName>
        <value>1</value>
      </configuration>
      <configurationGroup name="fields">
        <displayName>Fields</displayName>
        <configuration name="region">
          <value>region|UG-N</value>
        </configuration>
        <configuration name="code">
          <value></value>
        </configuration>
        <configuration name="name">
          <value>OTUKE</value>
        </configuration>
      </configurationGroup>
    </configurationGroup>
    <configurationGroup name="86">
      <displayName>86</displayName>
      <configuration name="last_modified">
        <displayName>Last Modified</displayName>
        <value>2011-03-23 14:54:12</value>
      </configuration>
      <configuration name="who">
        <displayName>Who</displayName>
        <value>1</value>
      </configuration>
      <configurationGroup name="fields">
        <displayName>Fields</displayName>
        <configuration name="region">
          <value>region|UG-N</value>
        </configuration>
        <configuration name="code">
          <value></value>
        </configuration>
        <configuration name="name">
          <value>ZOMBO</value>
        </configuration>
      </configurationGroup>
    </configurationGroup>
    <configurationGroup name="87">
      <displayName>87</displayName>
      <configuration name="last_modified">
        <displayName>Last Modified</displayName>
        <value>2011-03-23 14:54:12</value>
      </configuration>
      <configuration name="who">
        <displayName>Who</displayName>
        <value>1</value>
      </configuration>
      <configurationGroup name="fields">
        <displayName>Fields</displayName>
        <configuration name="region">
          <value>region|UG-N</value>
        </configuration>
        <configuration name="code">
          <value></value>
        </configuration>
        <configuration name="name">
          <value>ALEBTONG</value>
        </configuration>
      </configurationGroup>
    </configurationGroup>
    <configurationGroup name="88">
      <displayName>88</displayName>
      <configuration name="last_modified">
        <displayName>Last Modified</displayName>
        <value>2011-03-23 14:54:12</value>
      </configuration>
      <configuration name="who">
        <displayName>Who</displayName>
        <value>1</value>
      </configuration>
      <configurationGroup name="fields">
        <displayName>Fields</displayName>
        <configuration name="region">
          <value>region|UG-E</value>
        </configuration>
        <configuration name="code">
          <value></value>
        </configuration>
        <configuration name="name">
          <value>BULAMBULI</value>
        </configuration>
      </configurationGroup>
    </configurationGroup>
    <configurationGroup name="89">
      <displayName>89</displayName>
      <configuration name="last_modified">
        <displayName>Last Modified</displayName>
        <value>2011-03-23 14:54:12</value>
      </configuration>
      <configuration name="who">
        <displayName>Who</displayName>
        <value>1</value>
      </configuration>
      <configurationGroup name="fields">
        <displayName>Fields</displayName>
        <configuration name="region">
          <value>region|UG-C</value>
        </configuration>
        <configuration name="code">
          <value></value>
        </configuration>
        <configuration name="name">
          <value>BUVUMA</value>
        </configuration>
      </configurationGroup>
    </configurationGroup>
    <configurationGroup name="90">
      <displayName>90</displayName>
      <configuration name="last_modified">
        <displayName>Last Modified</displayName>
        <value>2011-03-23 14:54:12</value>
      </configuration>
      <configuration name="who">
        <displayName>Who</displayName>
        <value>1</value>
      </configuration>
      <configurationGroup name="fields">
        <displayName>Fields</displayName>
        <configuration name="region">
          <value>region|UG-C</value>
        </configuration>
        <configuration name="code">
          <value></value>
        </configuration>
        <configuration name="name">
          <value>GOMBA</value>
        </configuration>
      </configurationGroup>
    </configurationGroup>
    <configurationGroup name="91">
      <displayName>91</displayName>
      <configuration name="last_modified">
        <displayName>Last Modified</displayName>
        <value>2011-03-23 14:54:12</value>
      </configuration>
      <configuration name="who">
        <displayName>Who</displayName>
        <value>1</value>
      </configuration>
      <configurationGroup name="fields">
        <displayName>Fields</displayName>
        <configuration name="region">
          <value>region|UG-W</value>
        </configuration>
        <configuration name="code">
          <value></value>
        </configuration>
        <configuration name="name">
          <value>KIRYANDONGO</value>
        </configuration>
      </configurationGroup>
    </configurationGroup>
    <configurationGroup name="92">
      <displayName>92</displayName>
      <configuration name="last_modified">
        <displayName>Last Modified</displayName>
        <value>2011-03-23 14:54:12</value>
      </configuration>
      <configuration name="who">
        <displayName>Who</displayName>
        <value>1</value>
      </configuration>
      <configurationGroup name="fields">
        <displayName>Fields</displayName>
        <configuration name="region">
          <value>region|UG-C</value>
        </configuration>
        <configuration name="code">
          <value></value>
        </configuration>
        <configuration name="name">
          <value>KYANKWANZI</value>
        </configuration>
      </configurationGroup>
    </configurationGroup>
    <configurationGroup name="93">
      <displayName>93</displayName>
      <configuration name="last_modified">
        <displayName>Last Modified</displayName>
        <value>2011-03-23 14:54:12</value>
      </configuration>
      <configuration name="who">
        <displayName>Who</displayName>
        <value>1</value>
      </configuration>
      <configurationGroup name="fields">
        <displayName>Fields</displayName>
        <configuration name="region">
          <value>region|UG-E</value>
        </configuration>
        <configuration name="code">
          <value></value>
        </configuration>
        <configuration name="name">
          <value>LUUKA</value>
        </configuration>
      </configurationGroup>
    </configurationGroup>
    <configurationGroup name="94">
      <displayName>94</displayName>
      <configuration name="last_modified">
        <displayName>Last Modified</displayName>
        <value>2011-03-23 14:54:12</value>
      </configuration>
      <configuration name="who">
        <displayName>Who</displayName>
        <value>1</value>
      </configuration>
      <configurationGroup name="fields">
        <displayName>Fields</displayName>
        <configuration name="region">
          <value>region|UG-E</value>
        </configuration>
        <configuration name="code">
          <value></value>
        </configuration>
        <configuration name="name">
          <value>NAMAYINGO</value>
        </configuration>
      </configurationGroup>
    </configurationGroup>
    <configurationGroup name="95">
      <displayName>95</displayName>
      <configuration name="last_modified">
        <displayName>Last Modified</displayName>
        <value>2011-03-23 14:54:12</value>
      </configuration>
      <configuration name="who">
        <displayName>Who</displayName>
        <value>1</value>
      </configuration>
      <configurationGroup name="fields">
        <displayName>Fields</displayName>
        <configuration name="region">
          <value>region|UG-W</value>
        </configuration>
        <configuration name="code">
          <value></value>
        </configuration>
        <configuration name="name">
          <value>NTOROKO</value>
        </configuration>
      </configurationGroup>
    </configurationGroup>
    <configurationGroup name="96">
      <displayName>96</displayName>
      <configuration name="last_modified">
        <displayName>Last Modified</displayName>
        <value>2011-03-23 14:54:12</value>
      </configuration>
      <configuration name="who">
        <displayName>Who</displayName>
        <value>1</value>
      </configuration>
      <configurationGroup name="fields">
        <displayName>Fields</displayName>
        <configuration name="region">
          <value>region|UG-E</value>
        </configuration>
        <configuration name="code">
          <value></value>
        </configuration>
        <configuration name="name">
          <value>SERERE</value>
        </configuration>
      </configurationGroup>
    </configurationGroup>
    <configurationGroup name="97">
      <displayName>97</displayName>
      <configuration name="last_modified">
        <displayName>Last Modified</displayName>
        <value>2011-03-23 14:54:12</value>
      </configuration>
      <configuration name="who">
        <displayName>Who</displayName>
        <value>1</value>
      </configuration>
      <configurationGroup name="fields">
        <displayName>Fields</displayName>
        <configuration name="region">
          <value>region|UG-C</value>
        </configuration>
        <configuration name="code">
          <value></value>
        </configuration>
        <configuration name="name">
          <value>KALUNGU</value>
        </configuration>
      </configurationGroup>
    </configurationGroup>
    <configurationGroup name="98">
      <displayName>98</displayName>
      <configuration name="last_modified">
        <displayName>Last Modified</displayName>
        <value>2011-03-23 14:54:12</value>
      </configuration>
      <configuration name="who">
        <displayName>Who</displayName>
        <value>1</value>
      </configuration>
      <configurationGroup name="fields">
        <displayName>Fields</displayName>
        <configuration name="region">
          <value>region|UG-C</value>
        </configuration>
        <configuration name="code">
          <value></value>
        </configuration>
        <configuration name="name">
          <value>BUKOMANSIMBI</value>
        </configuration>
      </configurationGroup>
    </configurationGroup>
    <configurationGroup name="99">
      <displayName>99</displayName>
      <configuration name="last_modified">
        <displayName>Last Modified</displayName>
        <value>2011-03-23 14:54:12</value>
      </configuration>
      <configuration name="who">
        <displayName>Who</displayName>
        <value>1</value>
      </configuration>
      <configurationGroup name="fields">
        <displayName>Fields</displayName>
        <configuration name="region">
          <value>region|UG-C</value>
        </configuration>
        <configuration name="code">
          <value></value>
        </configuration>
        <configuration name="name">
          <value>BUTAMBALA</value>
        </configuration>
      </configurationGroup>
    </configurationGroup>
    <configurationGroup name="100">
      <displayName>100</displayName>
      <configuration name="last_modified">
        <displayName>Last Modified</displayName>
        <value>2011-03-23 14:54:12</value>
      </configuration>
      <configuration name="who">
        <displayName>Who</displayName>
        <value>1</value>
      </configuration>
      <configurationGroup name="fields">
        <displayName>Fields</displayName>
        <configuration name="region">
          <value>region|UG-C</value>
        </configuration>
        <configuration name="code">
          <value></value>
        </configuration>
        <configuration name="name">
          <value>LWENGO</value>
        </configuration>
      </configurationGroup>
    </configurationGroup>
    <configurationGroup name="101">
      <displayName>101</displayName>
      <configuration name="last_modified">
        <displayName>Last Modified</displayName>
        <value>2011-03-23 14:54:12</value>
      </configuration>
      <configuration name="who">
        <displayName>Who</displayName>
        <value>1</value>
      </configuration>
      <configurationGroup name="fields">
        <displayName>Fields</displayName>
        <configuration name="region">
          <value>region|UG-W</value>
        </configuration>
        <configuration name="code">
          <value></value>
        </configuration>
        <configuration name="name">
          <value>MITOOMA</value>
        </configuration>
      </configurationGroup>
    </configurationGroup>
    <configurationGroup name="102">
      <displayName>102</displayName>
      <configuration name="last_modified">
        <displayName>Last Modified</displayName>
        <value>2011-03-23 14:54:12</value>
      </configuration>
      <configuration name="who">
        <displayName>Who</displayName>
        <value>1</value>
      </configuration>
      <configurationGroup name="fields">
        <displayName>Fields</displayName>
        <configuration name="region">
          <value>region|UG-W</value>
        </configuration>
        <configuration name="code">
          <value></value>
        </configuration>
        <configuration name="name">
          <value>RUBIRIZI</value>
        </configuration>
      </configurationGroup>
    </configurationGroup>
    <configurationGroup name="103">
      <displayName>103</displayName>
      <configuration name="last_modified">
        <displayName>Last Modified</displayName>
        <value>2011-03-23 14:54:12</value>
      </configuration>
      <configuration name="who">
        <displayName>Who</displayName>
        <value>1</value>
      </configuration>
      <configurationGroup name="fields">
        <displayName>Fields</displayName>
        <configuration name="region">
          <value>region|UG-W</value>
        </configuration>
        <configuration name="code">
          <value></value>
        </configuration>
        <configuration name="name">
          <value>SHEEMA</value>
        </configuration>
      </configurationGroup>
    </configurationGroup>
    <configurationGroup name="104">
      <displayName>104</displayName>
      <configuration name="last_modified">
        <displayName>Last Modified</displayName>
        <value>2011-03-23 14:54:12</value>
      </configuration>
      <configuration name="who">
        <displayName>Who</displayName>
        <value>1</value>
      </configuration>
      <configurationGroup name="fields">
        <displayName>Fields</displayName>
        <configuration name="region">
          <value>region|UG-W</value>
        </configuration>
        <configuration name="code">
          <value></value>
        </configuration>
        <configuration name="name">
          <value>BUHWEJU</value>
        </configuration>
      </configurationGroup>
    </configurationGroup>
    <configurationGroup name="105">
      <displayName>105</displayName>
      <configuration name="last_modified">
        <displayName>Last Modified</displayName>
        <value>2011-03-23 14:54:12</value>
      </configuration>
      <configuration name="who">
        <displayName>Who</displayName>
        <value>1</value>
      </configuration>
      <configurationGroup name="fields">
        <displayName>Fields</displayName>
        <configuration name="region">
          <value>region|UG-E</value>
        </configuration>
        <configuration name="code">
          <value></value>
        </configuration>
        <configuration name="name">
          <value>NGORA</value>
        </configuration>
      </configurationGroup>
    </configurationGroup>
    <configurationGroup name="106">
      <displayName>106</displayName>
      <configuration name="last_modified">
        <displayName>Last Modified</displayName>
        <value>2011-03-23 14:54:12</value>
      </configuration>
      <configuration name="who">
        <displayName>Who</displayName>
        <value>1</value>
      </configuration>
      <configurationGroup name="fields">
        <displayName>Fields</displayName>
        <configuration name="region">
          <value>region|UG-N</value>
        </configuration>
        <configuration name="code">
          <value></value>
        </configuration>
        <configuration name="name">
          <value>NAPAK</value>
        </configuration>
      </configurationGroup>
    </configurationGroup>
    <configurationGroup name="107">
      <displayName>107</displayName>
      <configuration name="last_modified">
        <displayName>Last Modified</displayName>
        <value>2011-03-23 14:54:12</value>
      </configuration>
      <configuration name="who">
        <displayName>Who</displayName>
        <value>1</value>
      </configuration>
      <configurationGroup name="fields">
        <displayName>Fields</displayName>
        <configuration name="region">
          <value>region|UG-E</value>
        </configuration>
        <configuration name="code">
          <value></value>
        </configuration>
        <configuration name="name">
          <value>KIBUKU</value>
        </configuration>
      </configurationGroup>
    </configurationGroup>
    <configurationGroup name="108">
      <displayName>108</displayName>
      <configuration name="last_modified">
        <displayName>Last Modified</displayName>
        <value>2011-03-23 14:54:12</value>
      </configuration>
      <configuration name="who">
        <displayName>Who</displayName>
        <value>1</value>
      </configuration>
      <configurationGroup name="fields">
        <displayName>Fields</displayName>
        <configuration name="region">
          <value>region|UG-N</value>
        </configuration>
        <configuration name="code">
          <value></value>
        </configuration>
        <configuration name="name">
          <value>NWOYA</value>
        </configuration>
      </configurationGroup>
    </configurationGroup>
    <configurationGroup name="109">
      <displayName>109</displayName>
      <configuration name="last_modified">
        <displayName>Last Modified</displayName>
        <value>2011-03-23 14:54:12</value>
      </configuration>
      <configuration name="who">
        <displayName>Who</displayName>
        <value>1</value>
      </configuration>
      <configurationGroup name="fields">
        <displayName>Fields</displayName>
        <configuration name="region">
          <value>region|UG-N</value>
        </configuration>
        <configuration name="code">
          <value></value>
        </configuration>
        <configuration name="name">
          <value>KOLE</value>
        </configuration>
      </configurationGroup>
    </configurationGroup>
    <configurationGroup name="110">
      <displayName>110</displayName>
      <configuration name="last_modified">
        <displayName>Last Modified</displayName>
        <value>2011-03-23 14:54:12</value>
      </configuration>
      <configuration name="who">
        <displayName>Who</displayName>
        <value>1</value>
      </configuration>
      <configurationGroup name="fields">
        <displayName>Fields</displayName>
        <configuration name="region">
          <value>region|UG-N</value>
        </configuration>
        <configuration name="code">
          <value></value>
        </configuration>
        <configuration name="name">
          <value>AGAGO</value>
        </configuration>
      </configurationGroup>
    </configurationGroup>
    <configurationGroup name="111">
      <displayName>111</displayName>
      <configuration name="last_modified">
        <displayName>Last Modified</displayName>
        <value>2011-03-23 14:54:12</value>
      </configuration>
      <configuration name="who">
        <displayName>Who</displayName>
        <value>1</value>
      </configuration>
      <configurationGroup name="fields">
        <displayName>Fields</displayName>
        <configuration name="region">
          <value>region|UG-N</value>
        </configuration>
        <configuration name="code">
          <value>UG-320</value>
        </configuration>
        <configuration name="name">
          <value>MARACHA</value>
        </configuration>
      </configurationGroup>
    </configurationGroup>
    <configurationGroup name="112">
      <displayName>112</displayName>
      <configuration name="last_modified">
        <displayName>Last Modified</displayName>
        <value>2011-03-23 14:54:12</value>
      </configuration>
      <configuration name="who">
        <displayName>Who</displayName>
        <value>1</value>
      </configuration>
      <configurationGroup name="fields">
        <displayName>Fields</displayName>
        <configuration name="region">
          <value>region|UG-E</value>
        </configuration>
        <configuration name="code">
          <value></value>
        </configuration>
        <configuration name="name">
          <value>KWEEN</value>
        </configuration>
      </configurationGroup>
    </configurationGroup>
  </configurationGroup>
</I2CEConfiguration>
