<?xml version="1.0" encoding="utf-8"?>
<!DOCTYPE I2CEConfiguration SYSTEM "I2CE_Configuration.dtd">
<I2CEConfiguration name="accident" path="/I2CE">
  <metadata>
    <version>4.3.0.1</version>
  </metadata>
  <configurationGroup name="accident" path="/I2CE" locale="tl">
    <version>4.3.0.1</version>
    <configurationGroup name="invalid_formfield_message" path="/modules/forms/formfield_messages" locale="tl">
      <configuration name="accident_date" path="accident/end_date/bad_date">
        <value>Ang petsa ng pagwawakas ay dapat na maging pagkalipas ng petsa ng pagsisimula.</value>
      </configuration>
    </configurationGroup>
    <configurationGroup name="tasks" path="/I2CE/tasks/task_description">
      <configuration name="person_can_edit_child_form_accident" locale="tl">
        <value>Makapamamatnugot ng mga pinsala at mga aksidente sa pook ng hanapbuhay na nakatalaga sa isang tao</value>
      </configuration>
      <configuration name="person_can_view_child_form_accident" locale="tl">
        <value>Makatatanaw sa mga pinsala at mga aksidente sa pook ng hanapbuhay na nakatalaga sa isang tao</value>
      </configuration>
      <configuration name="can_edit_database_list_accident_type" locale="tl">
        <value>Baguhin ang talaan ng uri ng aksidente sa pook ng hanapbuhay</value>
      </configuration>
      <configuration name="can_view_database_list_accident_type" locale="tl">
        <value>Tingnan ang talaan ng uri ng aksidente sa pook ng hanapbuhay</value>
      </configuration>
    </configurationGroup>
    <configurationGroup name="forms" path="/modules/forms">
      <configurationGroup name="forms">
        <configurationGroup name="accident">
          <configuration name="display" values="single" locale="tl">
            <value>Aksidente</value>
          </configuration>
        </configurationGroup>
        <configurationGroup name="accident_type">
          <configuration name="display" values="single" locale="tl">
            <value>Uri ng Aksidente sa Pook ng Hanapbuhay</value>
          </configuration>
        </configurationGroup>
      </configurationGroup>
      <configurationGroup name="formClasses">
        <configurationGroup name="iHRIS_Accident">
          <configurationGroup name="fields">
            <configurationGroup name="occurence_date">
              <configuration name="headers" type="delimited" locale="tl">
                <value>default:Petsa ng Pangyayari</value>
              </configuration>
            </configurationGroup>
            <configurationGroup name="accident_type">
              <configuration name="headers" type="delimited" locale="tl">
                <value>default:Uri ng Aksidente</value>
              </configuration>
            </configurationGroup>
            <configurationGroup name="start_date">
              <configuration name="headers" type="delimited" locale="tl">
                <value>default:Simula ng Pagkanagagamit</value>
              </configuration>
            </configurationGroup>
            <configurationGroup name="end_date">
              <configuration name="headers" type="delimited" locale="tl">
                <value>default:Katapusan ng Pagkanagagamit</value>
              </configuration>
            </configurationGroup>
            <configurationGroup name="followup">
              <configuration name="headers" type="delimited" locale="tl">
                <value>default:Kailangan ng Pagtugaygay</value>
              </configuration>
            </configurationGroup>
            <configurationGroup name="persons_involved">
              <configuration name="headers" type="delimited" locale="tl">
                <value>default:Mga Taong Kasangkot</value>
              </configuration>
            </configurationGroup>
          </configurationGroup>
        </configurationGroup>
      </configurationGroup>
    </configurationGroup>
    <configurationGroup name="page">
      <configurationGroup name="home" path="/modules/accident/page/home">
        <configurationGroup name="args">
          <configuration name="title" values="single" locale="tl">
            <value>Idagdag/Isapanahon ang Aksidente sa Pook ng Hanapbuhay</value>
          </configuration>
        </configurationGroup>
      </configurationGroup>
    </configurationGroup>
  </configurationGroup>
</I2CEConfiguration>