<?xml version="1.0"?>
<!DOCTYPE I2CEConfiguration SYSTEM "I2CE_Configuration.dtd">
<I2CEConfiguration name="ihris-manage-confirmation">
  <metadata>
    <displayName>iHRIS Manage Confirmation</displayName>
    <className>iHRIS_Module_Confirmation</className>
    <category>Application Component</category>
    <description>The iHRIS Manage Confirmation module provides confirmation tracking</description>
    <creator>Intrahealth Informatics</creator>
    <email>hris@capacityproject.org</email>
    <link>https://launchpad.net/ihris-manage</link>
    <version>4.3.0</version>
    <path name="configs">
      <value>./configs</value>
    </path>
    <requirement name="Person">
      <atLeast version="4.3" />
      <lessThan version="4.4" />
    </requirement>
    <requirement name="ihris-manage-PersonPosition">
      <atLeast version="4.3" />
      <lessThan version="4.4" />
    </requirement>
    <requirement name="ihris-common-Job">
      <atLeast version="4.3" />
      <lessThan version="4.4" />
    </requirement>
    <path name="classes">
      <value>./lib</value>
    </path>
    <path name="modules">
      <value>./modules</value>
    </path>
    <path name="templates">
      <value>./templates</value>
    </path>
    <priority>350</priority>
  </metadata>
  <configurationGroup name="ihris-manage-Confirmation" path="/I2CE">
    <configurationGroup name="tasks" path="/I2CE/tasks/task_description" locale="en_US">
      <configuration name="person_can_view_child_form_confirmation" locale="en_US">
        <value>Can view confirmation child form of a person</value>
      </configuration>
      <configuration name="person_can_edit_child_form_confirmation" locale="en_US">
        <value>Can edit confirmation child forms of a person</value>
      </configuration>
      <configuration name="can_edit_database_list_confirmation_type" locale="en_US">
        <value>Can edit the confirmation type database list</value>
      </configuration>
      <configuration name="can_view_database_list_confirmation_type" locale="en_US">
        <value>Can view the confirmation type database list</value>
      </configuration>
    </configurationGroup>
    <configurationGroup name="tasks_trickle_down" path="/I2CE/tasks/task_trickle_down/">
      <configuration name="person_can_view_child_form_confirmation" values="many">
        <value>person_can_view</value>
      </configuration>
      <configuration name="person_can_edit_child_form_confirmation" values="many">
        <value>person_can_view_child_form_confirmation</value>
        <value>person_can_view</value>
      </configuration>
      <configuration name="person_can_view_child_forms" values="many">
        <value>person_can_view_child_form_confirmation</value>
      </configuration>
      <configuration name="person_can_edit_child_forms" values="many">
        <value>person_can_edit_child_form_confirmation</value>
      </configuration>
      <configuration name="can_edit_database_list_confirmation_type" values="many">
        <value>can_edit_employee_database_lists</value>
        <value>can_view_database_list_confirmation_type</value>
      </configuration>
      <configuration name="can_edit_all_employee_database_lists" values="many">
        <value>can_edit_database_list_confirmation_type</value>
      </configuration>
      <configuration name="can_view_all_employee_database_lists" values="many">
        <value>can_view_database_list_confirmation_type</value>
      </configuration>
    </configurationGroup>
    <configurationGroup name="page">
      <configurationGroup name="confirmation">
        <displayName>Benefit Page</displayName>
        <description>The page 'confirmation' which has the action of: Add/Update Confirmation</description>
        <configuration name="style" values="single">
          <displayName>Page Style</displayName>
          <description>The Page Style</description>
          <value>ihris_manage_page_form_parent_person</value>
        </configuration>
        <configurationGroup name="args">
          <displayName>Page Options</displayName>
          <description>The options that control the access and display of all pages</description>
          <configuration name="title" values="single" locale="en_US">
            <displayName>Page Title</displayName>
            <description>Page Title</description>
            <status>required:true</status>
            <value>Add/Update Confirmation</value>
          </configuration>
          <configuration name="page_form" values="single">
            <displayName>Form</displayName>
            <description>The form this page is using</description>
            <value>confirmation</value>
          </configuration>
        </configurationGroup>
      </configurationGroup>
    </configurationGroup>
    <configurationGroup name="forms" path="/modules/forms">
      <configurationGroup name="forms">
        <configurationGroup name="person">
          <configurationGroup name="meta">
            <configuration name="child_forms" values="many">
              <displayName>Child Forms</displayName>
              <value>confirmation</value>
            </configuration>
          </configurationGroup>
        </configurationGroup>
        <configurationGroup name="confirmation">
          <configuration name="class" values="single">
            <displayName>Class Name</displayName>
            <description>The name of the class providing the form</description>
            <value>iHRIS_Confirmation</value>
          </configuration>
          <configuration name="display" values="single" locale="en_US">
            <displayName>Display name</displayName>
            <description>The display name for this form</description>
            <value>Confirmation</value>
          </configuration>
        </configurationGroup>
        <configurationGroup name="confirmation_type">
          <configuration name="class" values="single">
            <displayName>Class Name</displayName>
            <description>The name of the class providing the form</description>
            <value>iHRIS_ConfirmationType</value>
          </configuration>
          <configuration name="display" values="single" locale="en_US">
            <displayName>Display name</displayName>
            <description>The display name for this form</description>
            <value>Confirmation Type</value>
          </configuration>
          <configuration name="storage" values="single">
            <displayName>Storage Details</displayName>
            <description>The storage mechanism for this form.</description>
            <value>magicdata</value>
          </configuration>
        </configurationGroup>
      </configurationGroup>
      <!-- end of forms-->
      <configurationGroup name="formClasses">
        <configurationGroup name="iHRIS_ConfirmationType">
          <configuration name="extends">
            <displayName>The class this form extends</displayName>
            <value>I2CE_List</value>
          </configuration>
          <configurationGroup name="meta" path="meta/list/default">
            <configuration name="display_string">
              <value>%s %s</value>
            </configuration>
            <configuration name="display_args" type="delimited" values="many">
              <value>0:name</value>
              <value>1:job</value>
            </configuration>
            <configuration name="sort_fields" type="delimited" values="many">
              <value>0:name</value>
              <value>1:job</value>
            </configuration>
          </configurationGroup>
          <configurationGroup name="fields">
            <displayName>The fields defined for this form</displayName>
            <configurationGroup name="probation_period">
              <configuration name="formfield">
                <displayName>The form field type</displayName>
                <version>4.0.6.1</version>
                <value>INT</value>
              </configuration>
              <configuration name="headers" type="delimited" locale="en_US">
                <displayName>The headers for this field.</displayName>
                <value>default:Probationary Period (Months)</value>
              </configuration>
              <configuration name="required" type="boolean">
                <displayName>This field is required to be set</displayName>
                <value>true</value>
              </configuration>
            </configurationGroup>
            <configurationGroup name="job">
              <displayName>The field 'type'</displayName>
              <configuration name="formfield">
                <displayName>The form field type</displayName>
                <value>MAP</value>
              </configuration>
              <configurationGroup name="meta">
                <configuration name="form" values="many">
                  <value>job</value>
                </configuration>
              </configurationGroup>
              <configuration name="headers" type="delimited" locale="en_US">
                <displayName>The headers for this field.</displayName>
                <value>default:Associated Job</value>
              </configuration>
              <configuration name="required" type="boolean">
                <displayName>This field is required to be set</displayName>
                <value>false</value>
              </configuration>
              <configuration name="unique" type="boolean">
                <displayName>This field is required to be set</displayName>
                <version>4.0.6.2</version>
                <value>false</value>
              </configuration>
            </configurationGroup>
            <configurationGroup name="name">
              <displayName>The field 'type'</displayName>
              <configuration name="formfield">
                <displayName>The form field type</displayName>
                <value>STRING_LINE</value>
              </configuration>
              <configuration name="headers" type="delimited" locale="en_US">
                <displayName>The headers for this field.</displayName>
                <value>default:Name</value>
              </configuration>
              <configuration name="required" type="boolean">
                <displayName>This field is required to be set</displayName>
                <value>true</value>
              </configuration>
              <configuration name="unique" type="boolean">
                <displayName>This field is required to be set</displayName>
                <value>true</value>
              </configuration>
              <configuration name="unique_field">
                <displayName>This field is required to be unique with resepect to the following field</displayName>
                <value>job</value>
              </configuration>
            </configurationGroup>
          </configurationGroup>
        </configurationGroup>
        <configurationGroup name="iHRIS_Confirmation">
          <configuration name="extends">
            <displayName>The class this form extends</displayName>
            <value>I2CE_Form</value>
          </configuration>
          <configurationGroup name="fields">
            <displayName>The fields defined for this form</displayName>
            <configurationGroup name="valid">
              <displayName>The field 'type'</displayName>
              <configuration name="formfield">
                <displayName>The form field type</displayName>
                <value>YESNO</value>
              </configuration>
              <configuration name="headers" type="delimited" locale="en_US">
                <displayName>The headers for this field.</displayName>
                <value>default:Valid</value>
              </configuration>
              <configuration name="required" type="boolean">
                <displayName>This field is required to be set</displayName>
                <value>true</value>
              </configuration>
              <configuration name="default_value">
                <displayName>This field is required to be set</displayName>
                <value>1</value>
              </configuration>
            </configurationGroup>
            <configurationGroup name="confirmation_type">
              <displayName>The field 'type'</displayName>
              <configuration name="formfield">
                <displayName>The form field type</displayName>
                <value>MAP</value>
              </configuration>
              <configurationGroup name="meta">
                <configuration name="form" values="many">
                  <value>confirmation_type</value>
                </configuration>
              </configurationGroup>
              <configuration name="headers" type="delimited" locale="en_US">
                <displayName>The headers for this field.</displayName>
                <value>default:Confirmation Type</value>
              </configuration>
              <configuration name="required" type="boolean">
                <displayName>This field is required to be set</displayName>
                <value>true</value>
              </configuration>
              <configuration name="unique" type="boolean">
                <displayName>This field is required to be set</displayName>
                <value>true</value>
              </configuration>
              <configuration name="unique_field">
                <displayName>This field is required to be set</displayName>
                <value>parent</value>
              </configuration>
            </configurationGroup>
            <configurationGroup name="date">
              <displayName>The field 'amount'</displayName>
              <configuration name="formfield">
                <displayName>The form field type</displayName>
                <value>DATE_YMD</value>
              </configuration>
              <configuration name="headers" type="delimited" locale="en_US">
                <displayName>The headers for this field.</displayName>
                <value>default:Date</value>
              </configuration>
              <configuration name="required" type="boolean">
                <displayName>This field is required to be set</displayName>
                <value>true</value>
              </configuration>
              <configuration name="default_eval">
                <displayName>The default Value as an eval string</displayName>
                <value>I2CE_Date::now()</value>
              </configuration>
            </configurationGroup>
          </configurationGroup>
        </configurationGroup>
      </configurationGroup>
    </configurationGroup>
  </configurationGroup>
</I2CEConfiguration>