<?xml version="1.0" encoding="utf-8"?>
<!DOCTYPE I2CEConfiguration SYSTEM "I2CE_Configuration.dtd">
<I2CEConfiguration name="ihris-manage" path="/I2CE">
  <metadata>
    <version>4.3.3.0.1</version>
  </metadata>
  <configurationGroup name="ihris-manage" path="/I2CE" locale="ar">
    <version>4.3.0.1</version>
    <configurationGroup name="tasks" path="/I2CE/tasks/task_description">
      <configuration name="can_edit_planning_database_lists" locale="ar" values="single" type="string">
        <value>يمكن تعديل بعض قوائم قاعدة بيانات التخطيطة</value>
      </configuration>
      <configuration name="can_view_planning_database_lists" locale="ar" values="single" type="string">
        <value>يمكن عرض بعض قوائم قاعدة بيانات التخطيطة</value>
      </configuration>
      <configuration name="can_edit_all_planning_database_lists" locale="ar" values="single" type="string">
        <value>يمكن تعديل جميع قوائم قاعدة بيانات التخطيطة</value>
      </configuration>
      <configuration name="can_view_all_planning_database_lists" locale="ar" values="single" type="string">
        <value>يمكن عرض كل قوائم قاعدة بيانات التخطيطة</value>
      </configuration>
      <configuration name="can_edit_organization_database_lists" locale="ar" values="single" type="string">
        <value>يمكن تعديل بعض قوائم قاعدة البيانات للمؤسسات</value>
      </configuration>
      <configuration name="can_view_organization_database_lists" locale="ar" values="single" type="string">
        <value>يمكن عرض بعض قوائم قاعدة البيانات للمؤسسات</value>
      </configuration>
      <configuration name="can_edit_all_organization_database_lists" locale="ar" values="single" type="string">
        <value>يمكن تعديل جميع قوائم قاعدة البيانات للمؤسسات</value>
      </configuration>
      <configuration name="can_view_all_organization_database_lists" locale="ar" values="single" type="string">
        <value>يمكن عرض كل قوائم قاعدة البيانات للمؤسسات</value>
      </configuration>
      <configuration name="can_edit_employee_database_lists" locale="ar" values="single" type="string">
        <value>يمكن تعديل بعض قوائم قاعدة بيانات للموظف</value>
      </configuration>
      <configuration name="can_view_employee_database_lists" locale="ar" values="single" type="string">
        <value>يمكن عرض بعض قوائم قاعدة بيانات للموظف</value>
      </configuration>
      <configuration name="can_edit_all_employee_database_lists" locale="ar" values="single" type="string">
        <value>يمكن تعديل جميع قوائم قاعدة بيانات للموظف</value>
      </configuration>
      <configuration name="can_view_all_employee_database_lists" locale="ar" values="single" type="string">
        <value>يمكن عرض كل قوائم قاعدة بيانات للموظف</value>
      </configuration>
      <configuration name="can_edit_position_database_lists" locale="ar" values="single" type="string">
        <value>يمكن تعديل بعض قوائم قاعدة بيانات للوظيفة</value>
      </configuration>
      <configuration name="can_view_position_database_lists" locale="ar" values="single" type="string">
        <value>يمكن عرض بعض قوائم قاعدة بيانات للوظيفة</value>
      </configuration>
    </configurationGroup>
    <configurationGroup name="roles" path="/I2CE/formsData/forms/role">
      <configurationGroup name="hr_manager">
        <configurationGroup name="fields">
          <configuration name="name" values="single" locale="ar" type="string">
            <value>مدير الموارد البشرية</value>
          </configuration>
        </configurationGroup>
      </configurationGroup>
      <configurationGroup name="hr_staff">
        <configurationGroup name="fields">
          <configuration name="name" values="single" locale="ar" type="string">
            <value>موظفي الموارد البشرية</value>
          </configuration>
        </configurationGroup>
      </configurationGroup>
      <configurationGroup name="exec_manager">
        <configurationGroup name="fields">
          <configuration name="name" values="single" locale="ar" type="string">
            <value>مدير تنفيذي</value>
          </configuration>
        </configurationGroup>
      </configurationGroup>
      <configurationGroup name="training_manager">
        <configurationGroup name="fields">
          <configuration name="name" values="single" locale="ar" type="string">
            <value>مدير التدريب</value>
          </configuration>
        </configurationGroup>
      </configurationGroup>
    </configurationGroup>
    <configurationGroup name="page">
      <configurationGroup name="feedback">
        <configurationGroup name="args">
          <configuration name="title" values="single" locale="ar" type="string">
            <value>أرسل تعليق</value>
          </configuration>
        </configurationGroup>
      </configurationGroup>
      <configurationGroup name="manage">
        <configurationGroup name="args">
          <configuration name="title" values="single" locale="ar" type="string">
            <value>إدارة الأفراد</value>
          </configuration>
        </configurationGroup>
      </configurationGroup>
    </configurationGroup>
    <configurationGroup name="search_reports" path="/modules/CustomReports/search_reports">
      <configuration name="search_people" values="many" type="delimited" locale="ar">
        <value>name:بحث الأفراد</value>
        <value>description:تحديد موقع سجل أي شخص في النظام للمراجعة أوالطباعة أو التحديث.</value>
      </configuration>
      <configuration name="position_list" values="many" type="delimited" locale="ar">
        <value>name:البحث عن الوظائف</value>
        <value>description:تحديد موقع أي وظيفة في النظام للمراجعة اوالطباعة أو التحديث.</value>
      </configuration>
    </configurationGroup>
  </configurationGroup>
</I2CEConfiguration>