<?xml version="1.0"?>
<!DOCTYPE I2CEConfiguration SYSTEM "I2CE_Configuration.dtd">
<I2CEConfiguration name="Uganda-manage-data-benefit_type">
  <metadata>
    <displayName>Uganda Manage data for benefit type</displayName>
    <description>Data for form: benefit_type</description>
    <version>4.1.0.0</version>
    <requirement name="ihris-manage-Benefit">
      <atLeast version="4.1" />
    </requirement>
    <path name="configs">
      <value>./configs</value>
    </path>
  </metadata>
  <configurationGroup name="Uganda-manage-data-benefit_type" path="/I2CE/formsData/forms/benefit_type">
    <displayName>Form data: benefit_type</displayName>
    <configurationGroup name="clothing_warm">
      <displayName>clothing_warm</displayName>
      <configuration name="last_modified">
        <displayName>Last Modified</displayName>
        <value>2011-03-23 11:52:50</value>
      </configuration>
      <configuration name="who">
        <displayName>Who</displayName>
        <value>1</value>
      </configuration>
      <configurationGroup name="fields">
        <displayName>Fields</displayName>
        <configuration name="name">
          <value>Warm Clothing Allowance</value>
        </configuration>
      </configurationGroup>
    </configurationGroup>
    <configurationGroup name="clothing_climate">
      <displayName>clothing_climate</displayName>
      <configuration name="last_modified">
        <displayName>Last Modified</displayName>
        <value>2011-03-23 11:52:50</value>
      </configuration>
      <configuration name="who">
        <displayName>Who</displayName>
        <value>1</value>
      </configuration>
      <configurationGroup name="fields">
        <displayName>Fields</displayName>
        <configuration name="name">
          <value>Climate Clothing Allowance</value>
        </configuration>
      </configurationGroup>
    </configurationGroup>
    <configurationGroup name="children">
      <displayName>children</displayName>
      <configuration name="last_modified">
        <displayName>Last Modified</displayName>
        <value>2011-03-23 11:52:50</value>
      </configuration>
      <configuration name="who">
        <displayName>Who</displayName>
        <value>1</value>
      </configuration>
      <configurationGroup name="fields">
        <displayName>Fields</displayName>
        <configuration name="name">
          <value>Children Allowance</value>
        </configuration>
      </configurationGroup>
    </configurationGroup>
    <configurationGroup name="training">
      <displayName>training</displayName>
      <configuration name="last_modified">
        <displayName>Last Modified</displayName>
        <value>2011-03-23 11:52:50</value>
      </configuration>
      <configuration name="who">
        <displayName>Who</displayName>
        <value>1</value>
      </configuration>
      <configurationGroup name="fields">
        <displayName>Fields</displayName>
        <configuration name="name">
          <value>Training Allowance</value>
        </configuration>
      </configurationGroup>
    </configurationGroup>
    <configurationGroup name="transport">
      <displayName>transport</displayName>
      <configuration name="last_modified">
        <displayName>Last Modified</displayName>
        <value>2011-03-23 11:52:50</value>
      </configuration>
      <configuration name="who">
        <displayName>Who</displayName>
        <value>1</value>
      </configuration>
      <configurationGroup name="fields">
        <displayName>Fields</displayName>
        <configuration name="name">
          <value>Transport Allowance</value>
        </configuration>
      </configurationGroup>
    </configurationGroup>
    <configurationGroup name="night">
      <displayName>night</displayName>
      <configuration name="last_modified">
        <displayName>Last Modified</displayName>
        <value>2011-03-23 11:52:50</value>
      </configuration>
      <configuration name="who">
        <displayName>Who</displayName>
        <value>1</value>
      </configuration>
      <configurationGroup name="fields">
        <displayName>Fields</displayName>
        <configuration name="name">
          <value>Night Allowance</value>
        </configuration>
      </configurationGroup>
    </configurationGroup>
    <configurationGroup name="safari">
      <displayName>safari</displayName>
      <configuration name="last_modified">
        <displayName>Last Modified</displayName>
        <value>2011-03-23 11:52:50</value>
      </configuration>
      <configuration name="who">
        <displayName>Who</displayName>
        <value>1</value>
      </configuration>
      <configurationGroup name="fields">
        <displayName>Fields</displayName>
        <configuration name="name">
          <value>Safari day Allowance</value>
        </configuration>
      </configurationGroup>
    </configurationGroup>
    <configurationGroup name="transit">
      <displayName>transit</displayName>
      <configuration name="last_modified">
        <displayName>Last Modified</displayName>
        <value>2011-03-23 11:52:50</value>
      </configuration>
      <configuration name="who">
        <displayName>Who</displayName>
        <value>1</value>
      </configuration>
      <configurationGroup name="fields">
        <displayName>Fields</displayName>
        <configuration name="name">
          <value>Transit allowance</value>
        </configuration>
      </configurationGroup>
    </configurationGroup>
    <configurationGroup name="lunch">
      <displayName>lunch</displayName>
      <configuration name="last_modified">
        <displayName>Last Modified</displayName>
        <value>2011-03-23 11:52:50</value>
      </configuration>
      <configuration name="who">
        <displayName>Who</displayName>
        <value>1</value>
      </configuration>
      <configurationGroup name="fields">
        <displayName>Fields</displayName>
        <configuration name="name">
          <value>Lunch Allowance</value>
        </configuration>
      </configurationGroup>
    </configurationGroup>
    <configurationGroup name="dinner">
      <displayName>dinner</displayName>
      <configuration name="last_modified">
        <displayName>Last Modified</displayName>
        <value>2011-03-23 11:52:50</value>
      </configuration>
      <configuration name="who">
        <displayName>Who</displayName>
        <value>1</value>
      </configuration>
      <configurationGroup name="fields">
        <displayName>Fields</displayName>
        <configuration name="name">
          <value>Dinner Allowance</value>
        </configuration>
      </configurationGroup>
    </configurationGroup>
    <configurationGroup name="sitting">
      <displayName>sitting</displayName>
      <configuration name="last_modified">
        <displayName>Last Modified</displayName>
        <value>2011-03-23 11:52:50</value>
      </configuration>
      <configuration name="who">
        <displayName>Who</displayName>
        <value>1</value>
      </configuration>
      <configurationGroup name="fields">
        <displayName>Fields</displayName>
        <configuration name="name">
          <value>Sitting Allowance</value>
        </configuration>
      </configurationGroup>
    </configurationGroup>
    <configurationGroup name="honoraria">
      <displayName>honoraria</displayName>
      <configuration name="last_modified">
        <displayName>Last Modified</displayName>
        <value>2011-03-23 11:52:50</value>
      </configuration>
      <configuration name="who">
        <displayName>Who</displayName>
        <value>1</value>
      </configuration>
      <configurationGroup name="fields">
        <displayName>Fields</displayName>
        <configuration name="name">
          <value>Honoraria</value>
        </configuration>
      </configurationGroup>
    </configurationGroup>
    <configurationGroup name="out_of_pocket">
      <displayName>out_of_pocket</displayName>
      <configuration name="last_modified">
        <displayName>Last Modified</displayName>
        <value>2011-03-23 11:52:50</value>
      </configuration>
      <configuration name="who">
        <displayName>Who</displayName>
        <value>1</value>
      </configuration>
      <configurationGroup name="fields">
        <displayName>Fields</displayName>
        <configuration name="name">
          <value>Out of pocket Allowance</value>
        </configuration>
      </configurationGroup>
    </configurationGroup>
    <configurationGroup name="kilometrage">
      <displayName>kilometrage</displayName>
      <configuration name="last_modified">
        <displayName>Last Modified</displayName>
        <value>2011-03-23 11:52:50</value>
      </configuration>
      <configuration name="who">
        <displayName>Who</displayName>
        <value>1</value>
      </configuration>
      <configurationGroup name="fields">
        <displayName>Fields</displayName>
        <configuration name="name">
          <value>Kilometrage Allowance</value>
        </configuration>
      </configurationGroup>
    </configurationGroup>
    <configurationGroup name="disturbance">
      <displayName>disturbance</displayName>
      <configuration name="last_modified">
        <displayName>Last Modified</displayName>
        <value>2011-03-23 11:52:50</value>
      </configuration>
      <configuration name="who">
        <displayName>Who</displayName>
        <value>1</value>
      </configuration>
      <configurationGroup name="fields">
        <displayName>Fields</displayName>
        <configuration name="name">
          <value>Disturbance Allowance</value>
        </configuration>
      </configurationGroup>
    </configurationGroup>
    <configurationGroup name="settling_in">
      <displayName>settling_in</displayName>
      <configuration name="last_modified">
        <displayName>Last Modified</displayName>
        <value>2011-03-23 11:52:50</value>
      </configuration>
      <configuration name="who">
        <displayName>Who</displayName>
        <value>1</value>
      </configuration>
      <configurationGroup name="fields">
        <displayName>Fields</displayName>
        <configuration name="name">
          <value>Settling-in Allowance</value>
        </configuration>
      </configurationGroup>
    </configurationGroup>
    <configurationGroup name="acting">
      <displayName>acting</displayName>
      <configuration name="last_modified">
        <displayName>Last Modified</displayName>
        <value>2011-03-23 11:52:50</value>
      </configuration>
      <configuration name="who">
        <displayName>Who</displayName>
        <value>1</value>
      </configuration>
      <configurationGroup name="fields">
        <displayName>Fields</displayName>
        <configuration name="name">
          <value>Acting Allowance</value>
        </configuration>
      </configurationGroup>
    </configurationGroup>
    <configurationGroup name="duty">
      <displayName>duty</displayName>
      <configuration name="last_modified">
        <displayName>Last Modified</displayName>
        <value>2011-03-23 11:52:50</value>
      </configuration>
      <configuration name="who">
        <displayName>Who</displayName>
        <value>1</value>
      </configuration>
      <configurationGroup name="fields">
        <displayName>Fields</displayName>
        <configuration name="name">
          <value>Duty Allowance</value>
        </configuration>
      </configurationGroup>
    </configurationGroup>
    <configurationGroup name="overtime">
      <displayName>overtime</displayName>
      <configuration name="last_modified">
        <displayName>Last Modified</displayName>
        <value>2011-03-23 11:52:50</value>
      </configuration>
      <configuration name="who">
        <displayName>Who</displayName>
        <value>1</value>
      </configuration>
      <configurationGroup name="fields">
        <displayName>Fields</displayName>
        <configuration name="name">
          <value>Overtime Allowance</value>
        </configuration>
      </configurationGroup>
    </configurationGroup>
    <configurationGroup name="education">
      <displayName>education</displayName>
      <configuration name="last_modified">
        <displayName>Last Modified</displayName>
        <value>2011-03-23 11:52:50</value>
      </configuration>
      <configuration name="who">
        <displayName>Who</displayName>
        <value>1</value>
      </configuration>
      <configurationGroup name="fields">
        <displayName>Fields</displayName>
        <configuration name="name">
          <value>Education Allowance</value>
        </configuration>
      </configurationGroup>
    </configurationGroup>
    <configurationGroup name="holiday">
      <displayName>holiday</displayName>
      <configuration name="last_modified">
        <displayName>Last Modified</displayName>
        <value>2011-03-23 11:52:50</value>
      </configuration>
      <configuration name="who">
        <displayName>Who</displayName>
        <value>1</value>
      </configuration>
      <configurationGroup name="fields">
        <displayName>Fields</displayName>
        <configuration name="name">
          <value>Holiday Travel Concession</value>
        </configuration>
      </configurationGroup>
    </configurationGroup>
    <configurationGroup name="baggage">
      <displayName>baggage</displayName>
      <configuration name="last_modified">
        <displayName>Last Modified</displayName>
        <value>2011-03-23 11:52:50</value>
      </configuration>
      <configuration name="who">
        <displayName>Who</displayName>
        <value>1</value>
      </configuration>
      <configurationGroup name="fields">
        <displayName>Fields</displayName>
        <configuration name="name">
          <value>Baggage Allowance on Posting and Recall</value>
        </configuration>
      </configurationGroup>
    </configurationGroup>
  </configurationGroup>
</I2CEConfiguration>
