<?xml version="1.0" encoding="utf-8"?>
<!DOCTYPE I2CEConfiguration SYSTEM "I2CE_Configuration.dtd">
<I2CEConfiguration name="ihris-manage" path="/I2CE">
  <metadata>
    <version>4.3.3.0.1</version>
  </metadata>
  <configurationGroup name="ihris-manage" path="/I2CE" locale="cs">
    <version>4.3.0.1</version>
    <configurationGroup name="tasks" path="/I2CE/tasks/task_description">
      <configuration name="can_edit_planning_database_lists" locale="cs" values="single" type="string">
        <value>Může upravit některé databázové seznamy plánování</value>
      </configuration>
      <configuration name="can_view_planning_database_lists" locale="cs" values="single" type="string">
        <value>Může zobrazit některé databázové seznamy plánování</value>
      </configuration>
      <configuration name="can_edit_all_planning_database_lists" locale="cs" values="single" type="string">
        <value>Může upravit všechny databázové seznamy plánování</value>
      </configuration>
      <configuration name="can_view_all_planning_database_lists" locale="cs" values="single" type="string">
        <value>Může zobrazit všechny databázové seznamy plánování</value>
      </configuration>
      <configuration name="can_edit_organization_database_lists" locale="cs" values="single" type="string">
        <value>Může upravit některé seznamy organizačních databází</value>
      </configuration>
      <configuration name="can_view_organization_database_lists" locale="cs" values="single" type="string">
        <value>Může zobrazit některé seznamy organizačních databází</value>
      </configuration>
      <configuration name="can_edit_all_organization_database_lists" locale="cs" values="single" type="string">
        <value>Může upravit všechny seznamy organizačních databází</value>
      </configuration>
      <configuration name="can_view_all_organization_database_lists" locale="cs" values="single" type="string">
        <value>Může zobrazit všechny seznamy organizačních databází</value>
      </configuration>
      <configuration name="can_edit_employee_database_lists" locale="cs" values="single" type="string">
        <value>Může upravit některé seznamy zaměstnaneckých databází</value>
      </configuration>
      <configuration name="can_view_employee_database_lists" locale="cs" values="single" type="string">
        <value>Může zobrazit některé seznamy zaměstnaneckých databází</value>
      </configuration>
      <configuration name="can_edit_all_employee_database_lists" locale="cs" values="single" type="string">
        <value>Může upravit všechny seznamy zaměstnaneckých databází</value>
      </configuration>
      <configuration name="can_view_all_employee_database_lists" locale="cs" values="single" type="string">
        <value>Může zobrazit všechny seznamy zaměstnaneckých databází</value>
      </configuration>
      <configuration name="can_edit_position_database_lists" locale="cs" values="single" type="string">
        <value>Může upravit některé seznamy databází pozic</value>
      </configuration>
      <configuration name="can_view_position_database_lists" locale="cs" values="single" type="string">
        <value>Může zobrazit některé seznamy databází pozic</value>
      </configuration>
    </configurationGroup>
    <configurationGroup name="roles" path="/I2CE/formsData/forms/role">
      <configurationGroup name="hr_manager">
        <configurationGroup name="fields">
          <configuration name="name" values="single" locale="cs" type="string">
            <value>Správce HR</value>
          </configuration>
        </configurationGroup>
      </configurationGroup>
      <configurationGroup name="hr_staff">
        <configurationGroup name="fields">
          <configuration name="name" values="single" locale="cs" type="string">
            <value>Zaměstnanci HR</value>
          </configuration>
        </configurationGroup>
      </configurationGroup>
      <configurationGroup name="exec_manager">
        <configurationGroup name="fields">
          <configuration name="name" values="single" locale="cs" type="string">
            <value>Výkonný ředitel</value>
          </configuration>
        </configurationGroup>
      </configurationGroup>
      <configurationGroup name="training_manager">
        <configurationGroup name="fields">
          <configuration name="name" values="single" locale="cs" type="string">
            <value>Ředitel výcviku</value>
          </configuration>
        </configurationGroup>
      </configurationGroup>
    </configurationGroup>
    <configurationGroup name="page">
      <configurationGroup name="feedback">
        <configurationGroup name="args">
          <configuration name="title" values="single" locale="cs" type="string">
            <value>Poslat zpětnou vazbu</value>
          </configuration>
        </configurationGroup>
      </configurationGroup>
      <configurationGroup name="manage">
        <configurationGroup name="args">
          <configuration name="title" values="single" locale="cs" type="string">
            <value>Správa lidí</value>
          </configuration>
        </configurationGroup>
      </configurationGroup>
    </configurationGroup>
    <configurationGroup name="search_reports" path="/modules/CustomReports/search_reports">
      <configuration name="search_people" values="many" type="delimited" locale="cs">
        <value>name:Hledat lidi</value>
        <value>description:Umístit jakýkoliv záznam osoby do systému pro kontrolu, tisk, nebo aktualizaci.</value>
      </configuration>
      <configuration name="position_list" values="many" type="delimited" locale="cs">
        <value>name:Hledat pozice</value>
        <value>description:Nalézt jakoukoliv pozici v systému pro kontrolu, tisk, nebo aktualizaci.</value>
      </configuration>
    </configurationGroup>
  </configurationGroup>
</I2CEConfiguration>