<?xml version="1.0" encoding="utf-8"?>
<!DOCTYPE I2CEConfiguration SYSTEM "I2CE_Configuration.dtd">
<I2CEConfiguration name="disciplinary_action" path="/I2CE">
  <metadata>
    <version>4.3.0</version>
  </metadata>
  <configurationGroup name="disciplinary_action" path="/I2CE" locale="en_US">
    <version>4.3.0</version>
    <configurationGroup name="invalid_formfield_message" path="/modules/forms/formfield_messages" locale="en_US">
      <configuration name="disciplinary_date" path="disciplinary_action/end_date/bad_date">
        <value>The end date must be after the start date.</value>
      </configuration>
    </configurationGroup>
    <configurationGroup name="tasks" path="/I2CE/tasks/task_description">
      <configuration name="person_can_edit_child_form_disciplinary_action" locale="en_US">
        <value>Can edit the workplace injuries and disciplinary_actions assigned to a person</value>
      </configuration>
      <configuration name="person_can_view_child_form_disciplinary_action" locale="en_US">
        <value>Can view the wokrplace injuries and disciplinary_actions assigned to a person</value>
      </configuration>
      <configuration name="can_edit_database_list_disciplinary_action_type" locale="en_US">
        <value>Edit the workplace disciplinary_action type list</value>
      </configuration>
      <configuration name="can_view_database_list_disciplinary_action_type" locale="en_US">
        <value>View the workplace disciplinary_action type list</value>
      </configuration>
      <configuration name="can_edit_database_list_disciplinary_action_reason" locale="en_US">
        <value>Edit the workplace disciplinary action reason type list</value>
      </configuration>
      <configuration name="can_view_database_list_disciplinary_action_reason" locale="en_US">
        <value>View the workplace disciplinary action reason list</value>
      </configuration>
    </configurationGroup>
    <configurationGroup name="forms" path="/modules/forms">
      <configurationGroup name="forms">
        <configurationGroup name="disciplinary_action">
          <configuration name="display" values="single" locale="en_US">
            <value>Disciplinary Action</value>
          </configuration>
        </configurationGroup>
        <configurationGroup name="disciplinary_action_type">
          <configuration name="display" values="single" locale="en_US">
            <value>Disciplinary Action Type</value>
          </configuration>
        </configurationGroup>
        <configurationGroup name="disciplinary_action_reason">
          <configuration name="display" values="single" locale="en_US">
            <value>Disciplinary Action Reason</value>
          </configuration>
        </configurationGroup>
      </configurationGroup>
      <configurationGroup name="formClasses">
        <configurationGroup name="iHRIS_DisciplinaryAction">
          <configurationGroup name="fields">
            <configurationGroup name="action_date">
              <configuration name="headers" type="delimited" locale="en_US">
                <value>default:Date of Discussion</value>
              </configuration>
            </configurationGroup>
            <configurationGroup name="disciplinary_action_type">
              <configuration name="headers" type="delimited" locale="en_US">
                <value>default:Action Taken</value>
              </configuration>
            </configurationGroup>
            <configurationGroup name="disciplinary_action_reason">
              <configuration name="headers" type="delimited" locale="en_US">
                <value>default:Reason for Action</value>
              </configuration>
            </configurationGroup>
            <configurationGroup name="start_date">
              <configuration name="headers" type="delimited" locale="en_US">
                <value>default:Start of Applicability</value>
              </configuration>
            </configurationGroup>
            <configurationGroup name="end_date">
              <configuration name="headers" type="delimited" locale="en_US">
                <value>default:End of Applicability</value>
              </configuration>
            </configurationGroup>
            <configurationGroup name="notes">
              <configuration name="headers" type="delimited" locale="en_US">
                <value>default:Notes</value>
              </configuration>
            </configurationGroup>
            <configurationGroup name="persons_present">
              <configuration name="headers" type="delimited" locale="en_US">
                <value>default:People Present</value>
              </configuration>
            </configurationGroup>
          </configurationGroup>
        </configurationGroup>
      </configurationGroup>
    </configurationGroup>
    <configurationGroup name="page">
      <configurationGroup name="editAction" path="/modules/disciplinary_action/page/editAction">
        <configurationGroup name="args">
          <configuration name="title" values="single" locale="en_US">
            <value>Add/Update Disciplinary Action</value>
          </configuration>
        </configurationGroup>
      </configurationGroup>
    </configurationGroup>
  </configurationGroup>
</I2CEConfiguration>