<?xml version="1.0" encoding="utf-8"?>
<!DOCTYPE I2CEConfiguration SYSTEM "I2CE_Configuration.dtd">
<I2CEConfiguration name="ihris-manage-Confirmation" path="/I2CE">
  <metadata>
    <version>4.3.0.1</version>
  </metadata>
  <configurationGroup name="ihris-manage-Confirmation" path="/I2CE" locale="pt_BR">
    <version>4.3.0.1</version>
    <configurationGroup name="tasks" path="/I2CE/tasks/task_description" locale="pt_BR">
      <configuration name="person_can_view_child_form_confirmation" locale="pt_BR">
        <value>Pode ver a confirmação do processo filho de uma pessoa</value>
      </configuration>
      <configuration name="person_can_edit_child_form_confirmation" locale="pt_BR">
        <value>Pode editar a confirmação do formulário filho de uma pessoa</value>
      </configuration>
      <configuration name="can_edit_database_list_confirmation_type" locale="pt_BR">
        <value>Pode editar o banco de dados de tipos de confirmação</value>
      </configuration>
      <configuration name="can_view_database_list_confirmation_type" locale="pt_BR">
        <value>Pode ver o banco de dados de tipos de confirmação</value>
      </configuration>
    </configurationGroup>
    <configurationGroup name="page">
      <configurationGroup name="confirmation">
        <configurationGroup name="args">
          <configuration name="title" values="single" locale="pt_BR">
            <value>Adicionar/Atualizar Confirmação</value>
          </configuration>
        </configurationGroup>
      </configurationGroup>
    </configurationGroup>
    <configurationGroup name="forms" path="/modules/forms">
      <configurationGroup name="forms">
        <configurationGroup name="confirmation">
          <configuration name="display" values="single" locale="pt_BR">
            <value>Confirmação</value>
          </configuration>
        </configurationGroup>
        <configurationGroup name="confirmation_type">
          <configuration name="display" values="single" locale="pt_BR">
            <value>Tipo de Confirmação</value>
          </configuration>
        </configurationGroup>
      </configurationGroup>
      <configurationGroup name="formClasses">
        <configurationGroup name="iHRIS_ConfirmationType">
          <configurationGroup name="fields">
            <configurationGroup name="probation_period">
              <configuration name="headers" type="delimited" locale="pt_BR">
                <value>default:Período Probatório (Meses)</value>
              </configuration>
            </configurationGroup>
            <configurationGroup name="job">
              <configuration name="headers" type="delimited" locale="pt_BR">
                <value>default:Cargo Associado</value>
              </configuration>
            </configurationGroup>
            <configurationGroup name="name">
              <configuration name="headers" type="delimited" locale="pt_BR">
                <value>default:Nome</value>
              </configuration>
            </configurationGroup>
          </configurationGroup>
        </configurationGroup>
        <configurationGroup name="iHRIS_Confirmation">
          <configurationGroup name="fields">
            <configurationGroup name="valid">
              <configuration name="headers" type="delimited" locale="pt_BR">
                <value>default:Válido</value>
              </configuration>
            </configurationGroup>
            <configurationGroup name="confirmation_type">
              <configuration name="headers" type="delimited" locale="pt_BR">
                <value>default:Tipo de Confirmação</value>
              </configuration>
            </configurationGroup>
            <configurationGroup name="date">
              <configuration name="headers" type="delimited" locale="pt_BR">
                <value>default:Data</value>
              </configuration>
            </configurationGroup>
          </configurationGroup>
        </configurationGroup>
      </configurationGroup>
    </configurationGroup>
  </configurationGroup>
</I2CEConfiguration>