<?xml version="1.0" encoding="utf-8"?>
<!DOCTYPE I2CEConfiguration SYSTEM "I2CE_Configuration.dtd">
<I2CEConfiguration name="ihris-manage-Confirmation" path="/I2CE">
  <metadata>
    <version>4.3.0</version>
  </metadata>
  <configurationGroup name="ihris-manage-Confirmation" path="/I2CE" locale="en_US">
    <version>4.3.0</version>
    <configurationGroup name="tasks" path="/I2CE/tasks/task_description" locale="en_US">
      <configuration name="person_can_view_child_form_confirmation" locale="en_US">
        <value>Can view confirmation child form of a person</value>
      </configuration>
      <configuration name="person_can_edit_child_form_confirmation" locale="en_US">
        <value>Can edit confirmation child forms of a person</value>
      </configuration>
      <configuration name="can_edit_database_list_confirmation_type" locale="en_US">
        <value>Can edit the confirmation type database list</value>
      </configuration>
      <configuration name="can_view_database_list_confirmation_type" locale="en_US">
        <value>Can view the confirmation type database list</value>
      </configuration>
    </configurationGroup>
    <configurationGroup name="page">
      <configurationGroup name="confirmation">
        <configurationGroup name="args">
          <configuration name="title" values="single" locale="en_US">
            <value>Add/Update Confirmation</value>
          </configuration>
        </configurationGroup>
      </configurationGroup>
    </configurationGroup>
    <configurationGroup name="forms" path="/modules/forms">
      <configurationGroup name="forms">
        <configurationGroup name="confirmation">
          <configuration name="display" values="single" locale="en_US">
            <value>Confirmation</value>
          </configuration>
        </configurationGroup>
        <configurationGroup name="confirmation_type">
          <configuration name="display" values="single" locale="en_US">
            <value>Confirmation Type</value>
          </configuration>
        </configurationGroup>
      </configurationGroup>
      <configurationGroup name="formClasses">
        <configurationGroup name="iHRIS_ConfirmationType">
          <configurationGroup name="fields">
            <configurationGroup name="probation_period">
              <configuration name="headers" type="delimited" locale="en_US">
                <value>default:Probationary Period (Months)</value>
              </configuration>
            </configurationGroup>
            <configurationGroup name="job">
              <configuration name="headers" type="delimited" locale="en_US">
                <value>default:Associated Job</value>
              </configuration>
            </configurationGroup>
            <configurationGroup name="name">
              <configuration name="headers" type="delimited" locale="en_US">
                <value>default:Name</value>
              </configuration>
            </configurationGroup>
          </configurationGroup>
        </configurationGroup>
        <configurationGroup name="iHRIS_Confirmation">
          <configurationGroup name="fields">
            <configurationGroup name="valid">
              <configuration name="headers" type="delimited" locale="en_US">
                <value>default:Valid</value>
              </configuration>
            </configurationGroup>
            <configurationGroup name="confirmation_type">
              <configuration name="headers" type="delimited" locale="en_US">
                <value>default:Confirmation Type</value>
              </configuration>
            </configurationGroup>
            <configurationGroup name="date">
              <configuration name="headers" type="delimited" locale="en_US">
                <value>default:Date</value>
              </configuration>
            </configurationGroup>
          </configurationGroup>
        </configurationGroup>
      </configurationGroup>
    </configurationGroup>
  </configurationGroup>
</I2CEConfiguration>