<?xml version="1.0" encoding="utf-8"?>
<!DOCTYPE I2CEConfiguration SYSTEM "I2CE_Configuration.dtd">
<I2CEConfiguration name="ihris-manage" path="/I2CE">
  <metadata>
    <version>4.3.3.0.1</version>
  </metadata>
  <configurationGroup name="ihris-manage" path="/I2CE" locale="pt_BR">
    <version>4.3.0.1</version>
    <configurationGroup name="tasks" path="/I2CE/tasks/task_description">
      <configuration name="can_edit_planning_database_lists" locale="pt_BR" values="single" type="string">
        <value>Pode editar alguns bancos de dados de planejamento</value>
      </configuration>
      <configuration name="can_view_planning_database_lists" locale="pt_BR" values="single" type="string">
        <value>Pode ver alguns bancos de dados de planejamento</value>
      </configuration>
      <configuration name="can_edit_all_planning_database_lists" locale="pt_BR" values="single" type="string">
        <value>Pode editar todos os bancos de dados de planejamento</value>
      </configuration>
      <configuration name="can_view_all_planning_database_lists" locale="pt_BR" values="single" type="string">
        <value>Pode ver todos os bancos de dados de planejamento</value>
      </configuration>
      <configuration name="can_edit_organization_database_lists" locale="pt_BR" values="single" type="string">
        <value>Pode editar alguns bancos de dados organizacionais.</value>
      </configuration>
      <configuration name="can_view_organization_database_lists" locale="pt_BR" values="single" type="string">
        <value>Pode ver alguns bancos de dados organizacionais.</value>
      </configuration>
      <configuration name="can_edit_all_organization_database_lists" locale="pt_BR" values="single" type="string">
        <value>Pode editar todos os bancos de dados organizacionais.</value>
      </configuration>
      <configuration name="can_view_all_organization_database_lists" locale="pt_BR" values="single" type="string">
        <value>Pode ver todos os bancos de dados organizacionais.</value>
      </configuration>
      <configuration name="can_edit_employee_database_lists" locale="pt_BR" values="single" type="string">
        <value>Pode editar alguns bancos de dados de empregados.</value>
      </configuration>
      <configuration name="can_view_employee_database_lists" locale="pt_BR" values="single" type="string">
        <value>Pode ver alguns bancos de dados de empregados.</value>
      </configuration>
      <configuration name="can_edit_all_employee_database_lists" locale="pt_BR" values="single" type="string">
        <value>Pode editar todos os bancos de dados de empregados.</value>
      </configuration>
      <configuration name="can_view_all_employee_database_lists" locale="pt_BR" values="single" type="string">
        <value>Pode ver todos os bancos de dados de empregados.</value>
      </configuration>
      <configuration name="can_edit_position_database_lists" locale="pt_BR" values="single" type="string">
        <value>Pode editar alguns bancos de dados de cargos.</value>
      </configuration>
      <configuration name="can_view_position_database_lists" locale="pt_BR" values="single" type="string">
        <value>Pode ver alguns bancos de dados de cargos.</value>
      </configuration>
    </configurationGroup>
    <configurationGroup name="roles" path="/I2CE/formsData/forms/role">
      <configurationGroup name="hr_manager">
        <configurationGroup name="fields">
          <configuration name="name" values="single" locale="pt_BR" type="string">
            <value>Gerente do RH</value>
          </configuration>
        </configurationGroup>
      </configurationGroup>
      <configurationGroup name="hr_staff">
        <configurationGroup name="fields">
          <configuration name="name" values="single" locale="pt_BR" type="string">
            <value>Empregado do RH</value>
          </configuration>
        </configurationGroup>
      </configurationGroup>
      <configurationGroup name="exec_manager">
        <configurationGroup name="fields">
          <configuration name="name" values="single" locale="pt_BR" type="string">
            <value>Gerente Executivo</value>
          </configuration>
        </configurationGroup>
      </configurationGroup>
      <configurationGroup name="training_manager">
        <configurationGroup name="fields">
          <configuration name="name" values="single" locale="pt_BR" type="string">
            <value>Gerente em Treinamento</value>
          </configuration>
        </configurationGroup>
      </configurationGroup>
    </configurationGroup>
    <configurationGroup name="page">
      <configurationGroup name="feedback">
        <configurationGroup name="args">
          <configuration name="title" values="single" locale="pt_BR" type="string">
            <value>Mandar Comentário</value>
          </configuration>
        </configurationGroup>
      </configurationGroup>
      <configurationGroup name="manage">
        <configurationGroup name="args">
          <configuration name="title" values="single" locale="pt_BR" type="string">
            <value>Gerenciar Pessoas</value>
          </configuration>
        </configurationGroup>
      </configurationGroup>
    </configurationGroup>
    <configurationGroup name="search_reports" path="/modules/CustomReports/search_reports">
      <configuration name="search_people" values="many" type="delimited" locale="pt_BR">
        <value>name:Procurar Pessoas</value>
        <value>description:Localizar qualquer registro de pessoa no sistema para rever, imprimir ou atualizar.</value>
      </configuration>
      <configuration name="position_list" values="many" type="delimited" locale="pt_BR">
        <value>name:Procurar Cargos</value>
        <value>description:Localizar qualquer cargo no sistema para rever, imprimir ou atualizar.</value>
      </configuration>
    </configurationGroup>
  </configurationGroup>
</I2CEConfiguration>