<?xml version="1.0"?>
<!DOCTYPE I2CEConfiguration SYSTEM "I2CE_Configuration.dtd">
<I2CEConfiguration name="Uganda-manage-data-salary_grade">
  <metadata>
    <displayName>Uganda Manage data for salary scale</displayName>
    <description>Data for form: salary_grade</description>
    <version>4.1.0.0</version>
    <requirement name="ihris-manage-Job">
      <atLeast version="4.1" />
    </requirement>
    <path name="configs">
      <value>./configs</value>
    </path>
  </metadata>
  <configurationGroup name="Uganda-manage-data-salary_grade" path="/I2CE/formsData/forms/salary_grade">
    <displayName>Form data: salary_grade</displayName>
    <configurationGroup name="U1">
      <displayName>U1</displayName>
      <configuration name="last_modified">
        <displayName>Last Modified</displayName>
        <value>2011-03-23 16:48:31</value>
      </configuration>
      <configuration name="who">
        <displayName>Who</displayName>
        <value>1</value>
      </configuration>
      <configurationGroup name="fields">
        <displayName>Fields</displayName>
        <configuration name="name">
          <value>U1</value>
        </configuration>
      </configurationGroup>
    </configurationGroup>
    <configurationGroup name="U1E">
      <displayName>U1E</displayName>
      <configuration name="last_modified">
        <displayName>Last Modified</displayName>
        <value>2011-03-23 16:48:31</value>
      </configuration>
      <configuration name="who">
        <displayName>Who</displayName>
        <value>1</value>
      </configuration>
      <configurationGroup name="fields">
        <displayName>Fields</displayName>
        <configuration name="name">
          <value>U1E</value>
        </configuration>
      </configurationGroup>
    </configurationGroup>
    <configurationGroup name="U1EU">
      <displayName>U1EU</displayName>
      <configuration name="last_modified">
        <displayName>Last Modified</displayName>
        <value>2011-03-23 16:48:31</value>
      </configuration>
      <configuration name="who">
        <displayName>Who</displayName>
        <value>1</value>
      </configuration>
      <configurationGroup name="fields">
        <displayName>Fields</displayName>
        <configuration name="name">
          <value>U1EU</value>
        </configuration>
      </configurationGroup>
    </configurationGroup>
    <configurationGroup name="U1SE">
      <displayName>U1SE</displayName>
      <configuration name="last_modified">
        <displayName>Last Modified</displayName>
        <value>2011-03-23 16:48:31</value>
      </configuration>
      <configuration name="who">
        <displayName>Who</displayName>
        <value>1</value>
      </configuration>
      <configurationGroup name="fields">
        <displayName>Fields</displayName>
        <configuration name="name">
          <value>U1SE</value>
        </configuration>
      </configurationGroup>
    </configurationGroup>
    <configurationGroup name="U1U">
      <displayName>U1U</displayName>
      <configuration name="last_modified">
        <displayName>Last Modified</displayName>
        <value>2011-03-23 16:48:31</value>
      </configuration>
      <configuration name="who">
        <displayName>Who</displayName>
        <value>1</value>
      </configuration>
      <configurationGroup name="fields">
        <displayName>Fields</displayName>
        <configuration name="name">
          <value>U1U</value>
        </configuration>
      </configurationGroup>
    </configurationGroup>
    <configurationGroup name="U2">
      <displayName>U2</displayName>
      <configuration name="last_modified">
        <displayName>Last Modified</displayName>
        <value>2011-03-23 16:48:31</value>
      </configuration>
      <configuration name="who">
        <displayName>Who</displayName>
        <value>1</value>
      </configuration>
      <configurationGroup name="fields">
        <displayName>Fields</displayName>
        <configuration name="name">
          <value>U2</value>
        </configuration>
      </configurationGroup>
    </configurationGroup>
    <configurationGroup name="U2L">
      <displayName>U2L</displayName>
      <configuration name="last_modified">
        <displayName>Last Modified</displayName>
        <value>2011-03-23 16:48:31</value>
      </configuration>
      <configuration name="who">
        <displayName>Who</displayName>
        <value>1</value>
      </configuration>
      <configurationGroup name="fields">
        <displayName>Fields</displayName>
        <configuration name="name">
          <value>U2L</value>
        </configuration>
      </configurationGroup>
    </configurationGroup>
    <configurationGroup name="U2U">
      <displayName>U2U</displayName>
      <configuration name="last_modified">
        <displayName>Last Modified</displayName>
        <value>2011-03-23 16:48:31</value>
      </configuration>
      <configuration name="who">
        <displayName>Who</displayName>
        <value>1</value>
      </configuration>
      <configurationGroup name="fields">
        <displayName>Fields</displayName>
        <configuration name="name">
          <value>U2U</value>
        </configuration>
      </configurationGroup>
    </configurationGroup>
    <configurationGroup name="U3">
      <displayName>U3</displayName>
      <configuration name="last_modified">
        <displayName>Last Modified</displayName>
        <value>2011-03-23 16:48:31</value>
      </configuration>
      <configuration name="who">
        <displayName>Who</displayName>
        <value>1</value>
      </configuration>
      <configurationGroup name="fields">
        <displayName>Fields</displayName>
        <configuration name="name">
          <value>U3</value>
        </configuration>
      </configurationGroup>
    </configurationGroup>
    <configurationGroup name="U3L">
      <displayName>U3L</displayName>
      <configuration name="last_modified">
        <displayName>Last Modified</displayName>
        <value>2011-03-23 16:48:31</value>
      </configuration>
      <configuration name="who">
        <displayName>Who</displayName>
        <value>1</value>
      </configuration>
      <configurationGroup name="fields">
        <displayName>Fields</displayName>
        <configuration name="name">
          <value>U3L</value>
        </configuration>
      </configurationGroup>
    </configurationGroup>
    <configurationGroup name="U3U">
      <displayName>U3U</displayName>
      <configuration name="last_modified">
        <displayName>Last Modified</displayName>
        <value>2011-03-23 16:48:31</value>
      </configuration>
      <configuration name="who">
        <displayName>Who</displayName>
        <value>1</value>
      </configuration>
      <configurationGroup name="fields">
        <displayName>Fields</displayName>
        <configuration name="name">
          <value>U3U</value>
        </configuration>
      </configurationGroup>
    </configurationGroup>
    <configurationGroup name="U4">
      <displayName>U4</displayName>
      <configuration name="last_modified">
        <displayName>Last Modified</displayName>
        <value>2011-03-23 16:48:31</value>
      </configuration>
      <configuration name="who">
        <displayName>Who</displayName>
        <value>1</value>
      </configuration>
      <configurationGroup name="fields">
        <displayName>Fields</displayName>
        <configuration name="name">
          <value>U4</value>
        </configuration>
      </configurationGroup>
    </configurationGroup>
    <configurationGroup name="U4L">
      <displayName>U4L</displayName>
      <configuration name="last_modified">
        <displayName>Last Modified</displayName>
        <value>2011-03-23 16:48:31</value>
      </configuration>
      <configuration name="who">
        <displayName>Who</displayName>
        <value>1</value>
      </configuration>
      <configurationGroup name="fields">
        <displayName>Fields</displayName>
        <configuration name="name">
          <value>U4L</value>
        </configuration>
      </configurationGroup>
    </configurationGroup>
    <configurationGroup name="U4U">
      <displayName>U4U</displayName>
      <configuration name="last_modified">
        <displayName>Last Modified</displayName>
        <value>2011-03-23 16:48:31</value>
      </configuration>
      <configuration name="who">
        <displayName>Who</displayName>
        <value>1</value>
      </configuration>
      <configurationGroup name="fields">
        <displayName>Fields</displayName>
        <configuration name="name">
          <value>U4U</value>
        </configuration>
      </configurationGroup>
    </configurationGroup>
    <configurationGroup name="U5">
      <displayName>U5</displayName>
      <configuration name="last_modified">
        <displayName>Last Modified</displayName>
        <value>2011-03-23 16:48:31</value>
      </configuration>
      <configuration name="who">
        <displayName>Who</displayName>
        <value>1</value>
      </configuration>
      <configurationGroup name="fields">
        <displayName>Fields</displayName>
        <configuration name="name">
          <value>U5</value>
        </configuration>
      </configurationGroup>
    </configurationGroup>
    <configurationGroup name="U5C">
      <displayName>U5C</displayName>
      <configuration name="last_modified">
        <displayName>Last Modified</displayName>
        <value>2011-03-23 16:48:31</value>
      </configuration>
      <configuration name="who">
        <displayName>Who</displayName>
        <value>1</value>
      </configuration>
      <configurationGroup name="fields">
        <displayName>Fields</displayName>
        <configuration name="name">
          <value>U5C</value>
        </configuration>
      </configurationGroup>
    </configurationGroup>
    <configurationGroup name="U5L">
      <displayName>U5L</displayName>
      <configuration name="last_modified">
        <displayName>Last Modified</displayName>
        <value>2011-03-23 16:48:31</value>
      </configuration>
      <configuration name="who">
        <displayName>Who</displayName>
        <value>1</value>
      </configuration>
      <configurationGroup name="fields">
        <displayName>Fields</displayName>
        <configuration name="name">
          <value>U5L</value>
        </configuration>
      </configurationGroup>
    </configurationGroup>
    <configurationGroup name="U5U">
      <displayName>U5U</displayName>
      <configuration name="last_modified">
        <displayName>Last Modified</displayName>
        <value>2011-03-23 16:48:31</value>
      </configuration>
      <configuration name="who">
        <displayName>Who</displayName>
        <value>1</value>
      </configuration>
      <configurationGroup name="fields">
        <displayName>Fields</displayName>
        <configuration name="name">
          <value>U5U</value>
        </configuration>
      </configurationGroup>
    </configurationGroup>
    <configurationGroup name="U6">
      <displayName>U6</displayName>
      <configuration name="last_modified">
        <displayName>Last Modified</displayName>
        <value>2011-03-23 16:48:31</value>
      </configuration>
      <configuration name="who">
        <displayName>Who</displayName>
        <value>1</value>
      </configuration>
      <configurationGroup name="fields">
        <displayName>Fields</displayName>
        <configuration name="name">
          <value>U6</value>
        </configuration>
      </configurationGroup>
    </configurationGroup>
    <configurationGroup name="U6L">
      <displayName>U6L</displayName>
      <configuration name="last_modified">
        <displayName>Last Modified</displayName>
        <value>2011-03-23 16:48:31</value>
      </configuration>
      <configuration name="who">
        <displayName>Who</displayName>
        <value>1</value>
      </configuration>
      <configurationGroup name="fields">
        <displayName>Fields</displayName>
        <configuration name="name">
          <value>U6L</value>
        </configuration>
      </configurationGroup>
    </configurationGroup>
    <configurationGroup name="U6U">
      <displayName>U6U</displayName>
      <configuration name="last_modified">
        <displayName>Last Modified</displayName>
        <value>2011-03-23 16:48:31</value>
      </configuration>
      <configuration name="who">
        <displayName>Who</displayName>
        <value>1</value>
      </configuration>
      <configurationGroup name="fields">
        <displayName>Fields</displayName>
        <configuration name="name">
          <value>U6U</value>
        </configuration>
      </configurationGroup>
    </configurationGroup>
    <configurationGroup name="U7">
      <displayName>U7</displayName>
      <configuration name="last_modified">
        <displayName>Last Modified</displayName>
        <value>2011-03-23 16:48:31</value>
      </configuration>
      <configuration name="who">
        <displayName>Who</displayName>
        <value>1</value>
      </configuration>
      <configurationGroup name="fields">
        <displayName>Fields</displayName>
        <configuration name="name">
          <value>U7</value>
        </configuration>
      </configurationGroup>
    </configurationGroup>
    <configurationGroup name="U7L">
      <displayName>U7L</displayName>
      <configuration name="last_modified">
        <displayName>Last Modified</displayName>
        <value>2011-03-23 16:48:31</value>
      </configuration>
      <configuration name="who">
        <displayName>Who</displayName>
        <value>1</value>
      </configuration>
      <configurationGroup name="fields">
        <displayName>Fields</displayName>
        <configuration name="name">
          <value>U7L</value>
        </configuration>
      </configurationGroup>
    </configurationGroup>
    <configurationGroup name="U7U">
      <displayName>U7U</displayName>
      <configuration name="last_modified">
        <displayName>Last Modified</displayName>
        <value>2011-03-23 16:48:31</value>
      </configuration>
      <configuration name="who">
        <displayName>Who</displayName>
        <value>1</value>
      </configuration>
      <configurationGroup name="fields">
        <displayName>Fields</displayName>
        <configuration name="name">
          <value>U7U</value>
        </configuration>
      </configurationGroup>
    </configurationGroup>
    <configurationGroup name="U8">
      <displayName>U8</displayName>
      <configuration name="last_modified">
        <displayName>Last Modified</displayName>
        <value>2011-03-23 16:48:31</value>
      </configuration>
      <configuration name="who">
        <displayName>Who</displayName>
        <value>1</value>
      </configuration>
      <configurationGroup name="fields">
        <displayName>Fields</displayName>
        <configuration name="name">
          <value>U8</value>
        </configuration>
      </configurationGroup>
    </configurationGroup>
    <configurationGroup name="U8L">
      <displayName>U8L</displayName>
      <configuration name="last_modified">
        <displayName>Last Modified</displayName>
        <value>2011-03-23 16:48:31</value>
      </configuration>
      <configuration name="who">
        <displayName>Who</displayName>
        <value>1</value>
      </configuration>
      <configurationGroup name="fields">
        <displayName>Fields</displayName>
        <configuration name="name">
          <value>U8L</value>
        </configuration>
      </configurationGroup>
    </configurationGroup>
    <configurationGroup name="U8U">
      <displayName>U8U</displayName>
      <configuration name="last_modified">
        <displayName>Last Modified</displayName>
        <value>2011-03-23 16:48:31</value>
      </configuration>
      <configuration name="who">
        <displayName>Who</displayName>
        <value>1</value>
      </configuration>
      <configurationGroup name="fields">
        <displayName>Fields</displayName>
        <configuration name="name">
          <value>U8U</value>
        </configuration>
      </configurationGroup>
    </configurationGroup>
    <configurationGroup name="UNL">
      <displayName>UNL</displayName>
      <configuration name="last_modified">
        <displayName>Last Modified</displayName>
        <value>2011-03-23 16:48:31</value>
      </configuration>
      <configuration name="who">
        <displayName>Who</displayName>
        <value>1</value>
      </configuration>
      <configurationGroup name="fields">
        <displayName>Fields</displayName>
        <configuration name="name">
          <value>UNL</value>
        </configuration>
      </configurationGroup>
    </configurationGroup>
  </configurationGroup>
</I2CEConfiguration>
