<?xml version="1.0"?>
<!DOCTYPE I2CEConfiguration SYSTEM "I2CE_Configuration.dtd">
<I2CEConfiguration name="Uganda-manage-data-department">
  <metadata>
    <displayName>Uganda Manage data for department</displayName>
    <description>Data for form: department</description>
    <version>4.1.0.0</version>
    <requirement name="ihris-manage-PersonPosition">
      <atLeast version="4.1" />
    </requirement>
    <path name="configs">
      <value>./configs</value>
    </path>
  </metadata>
  <configurationGroup name="Uganda-manage-data-department" path="/I2CE/formsData/forms/department">
    <displayName>Form data: department</displayName>
    <configurationGroup name="administration">
      <displayName>administration</displayName>
      <configuration name="last_modified">
        <displayName>Last Modified</displayName>
        <value>2011-03-23 12:51:00</value>
      </configuration>
      <configuration name="who">
        <displayName>Who</displayName>
        <value>1</value>
      </configuration>
      <configurationGroup name="fields">
        <displayName>Fields</displayName>
        <configuration name="name">
          <value>Administration</value>
        </configuration>
      </configurationGroup>
    </configurationGroup>
    <configurationGroup name="finance">
      <displayName>finance</displayName>
      <configuration name="last_modified">
        <displayName>Last Modified</displayName>
        <value>2011-03-23 12:51:00</value>
      </configuration>
      <configuration name="who">
        <displayName>Who</displayName>
        <value>1</value>
      </configuration>
      <configurationGroup name="fields">
        <displayName>Fields</displayName>
        <configuration name="name">
          <value>Finance</value>
        </configuration>
      </configurationGroup>
    </configurationGroup>
    <configurationGroup name="education">
      <displayName>education</displayName>
      <configuration name="last_modified">
        <displayName>Last Modified</displayName>
        <value>2011-03-23 12:51:00</value>
      </configuration>
      <configuration name="who">
        <displayName>Who</displayName>
        <value>1</value>
      </configuration>
      <configurationGroup name="fields">
        <displayName>Fields</displayName>
        <configuration name="name">
          <value>Education and Sports</value>
        </configuration>
      </configurationGroup>
    </configurationGroup>
    <configurationGroup name="community_services">
      <displayName>community_services</displayName>
      <configuration name="last_modified">
        <displayName>Last Modified</displayName>
        <value>2011-03-23 12:51:00</value>
      </configuration>
      <configuration name="who">
        <displayName>Who</displayName>
        <value>1</value>
      </configuration>
      <configurationGroup name="fields">
        <displayName>Fields</displayName>
        <configuration name="name">
          <value>Community Services</value>
        </configuration>
      </configurationGroup>
    </configurationGroup>
    <configurationGroup name="production">
      <displayName>production</displayName>
      <configuration name="last_modified">
        <displayName>Last Modified</displayName>
        <value>2011-03-23 12:51:00</value>
      </configuration>
      <configuration name="who">
        <displayName>Who</displayName>
        <value>1</value>
      </configuration>
      <configurationGroup name="fields">
        <displayName>Fields</displayName>
        <configuration name="name">
          <value>Production</value>
        </configuration>
      </configurationGroup>
    </configurationGroup>
    <configurationGroup name="health">
      <displayName>health</displayName>
      <configuration name="last_modified">
        <displayName>Last Modified</displayName>
        <value>2011-03-23 12:51:00</value>
      </configuration>
      <configuration name="who">
        <displayName>Who</displayName>
        <value>1</value>
      </configuration>
      <configurationGroup name="fields">
        <displayName>Fields</displayName>
        <configuration name="name">
          <value>Health</value>
        </configuration>
      </configurationGroup>
    </configurationGroup>
    <configurationGroup name="natural_resources">
      <displayName>natural_resources</displayName>
      <configuration name="last_modified">
        <displayName>Last Modified</displayName>
        <value>2011-03-23 12:51:00</value>
      </configuration>
      <configuration name="who">
        <displayName>Who</displayName>
        <value>1</value>
      </configuration>
      <configurationGroup name="fields">
        <displayName>Fields</displayName>
        <configuration name="name">
          <value>Natural Resources</value>
        </configuration>
      </configurationGroup>
    </configurationGroup>
    <configurationGroup name="audit">
      <displayName>audit</displayName>
      <configuration name="last_modified">
        <displayName>Last Modified</displayName>
        <value>2011-03-23 12:51:00</value>
      </configuration>
      <configuration name="who">
        <displayName>Who</displayName>
        <value>1</value>
      </configuration>
      <configurationGroup name="fields">
        <displayName>Fields</displayName>
        <configuration name="name">
          <value>Audit</value>
        </configuration>
      </configurationGroup>
    </configurationGroup>
    <configurationGroup name="council">
      <displayName>council</displayName>
      <configuration name="last_modified">
        <displayName>Last Modified</displayName>
        <value>2011-03-23 12:51:00</value>
      </configuration>
      <configuration name="who">
        <displayName>Who</displayName>
        <value>1</value>
      </configuration>
      <configurationGroup name="fields">
        <displayName>Fields</displayName>
        <configuration name="name">
          <value>Council and Statutory bodies</value>
        </configuration>
      </configurationGroup>
    </configurationGroup>
    <configurationGroup name="works">
      <displayName>works</displayName>
      <configuration name="last_modified">
        <displayName>Last Modified</displayName>
        <value>2011-03-23 12:51:00</value>
      </configuration>
      <configuration name="who">
        <displayName>Who</displayName>
        <value>1</value>
      </configuration>
      <configurationGroup name="fields">
        <displayName>Fields</displayName>
        <configuration name="name">
          <value>Works Technical Services</value>
        </configuration>
      </configurationGroup>
    </configurationGroup>
    <configurationGroup name="planning">
      <displayName>planning</displayName>
      <configuration name="last_modified">
        <displayName>Last Modified</displayName>
        <value>2011-03-23 12:51:00</value>
      </configuration>
      <configuration name="who">
        <displayName>Who</displayName>
        <value>1</value>
      </configuration>
      <configurationGroup name="fields">
        <displayName>Fields</displayName>
        <configuration name="name">
          <value>Planning Unit</value>
        </configuration>
      </configurationGroup>
    </configurationGroup>
  </configurationGroup>
</I2CEConfiguration>
