<?xml version="1.0"?>
<!DOCTYPE I2CEConfiguration SYSTEM "I2CE_Configuration.dtd">
<I2CEConfiguration name="SampleData-pos_change_reason">
  <metadata>
    <displayName>Reasons for Departure</displayName>
    <description>Sample Data for form: pos_change_reason</description>
    <version>4.3.0</version>
    <requirement name="ihris-manage-PersonPosition">
      <atLeast version="4.0" />
    </requirement>
  </metadata>
  <configurationGroup name="SampleData-pos_change_reason" path="//I2CE/formsData/forms/pos_change_reason">
    <displayName>Export</displayName>
    <version>3.2.0</version>
    <configurationGroup name="1">
      <displayName>1</displayName>
      <configuration name="last_modified">
        <displayName>Last Modified</displayName>
        <value>2009-06-23 10:05:09</value>
      </configuration>
      <configuration name="who">
        <displayName>Who</displayName>
        <value>1</value>
      </configuration>
      <configurationGroup name="fields">
        <displayName>Fields</displayName>
        <configuration name="name">
          <displayName>Name</displayName>
          <value>Illness/Disability</value>
        </configuration>
      </configurationGroup>
    </configurationGroup>
    <configurationGroup name="2">
      <displayName>2</displayName>
      <configuration name="last_modified">
        <displayName>Last Modified</displayName>
        <value>2009-06-23 10:05:10</value>
      </configuration>
      <configuration name="who">
        <displayName>Who</displayName>
        <value>1</value>
      </configuration>
      <configurationGroup name="fields">
        <displayName>Fields</displayName>
        <configuration name="name">
          <displayName>Name</displayName>
          <value>Relocation</value>
        </configuration>
      </configurationGroup>
    </configurationGroup>
    <configurationGroup name="3">
      <displayName>3</displayName>
      <configuration name="last_modified">
        <displayName>Last Modified</displayName>
        <value>2009-06-23 10:05:10</value>
      </configuration>
      <configuration name="who">
        <displayName>Who</displayName>
        <value>1</value>
      </configuration>
      <configurationGroup name="fields">
        <displayName>Fields</displayName>
        <configuration name="name">
          <displayName>Name</displayName>
          <value>Out Migration</value>
        </configuration>
      </configurationGroup>
    </configurationGroup>
    <configurationGroup name="4">
      <displayName>4</displayName>
      <configuration name="last_modified">
        <displayName>Last Modified</displayName>
        <value>2009-06-23 10:05:10</value>
      </configuration>
      <configuration name="who">
        <displayName>Who</displayName>
        <value>1</value>
      </configuration>
      <configurationGroup name="fields">
        <displayName>Fields</displayName>
        <configuration name="name">
          <displayName>Name</displayName>
          <value>Death</value>
        </configuration>
      </configurationGroup>
    </configurationGroup>
    <configurationGroup name="5">
      <displayName>5</displayName>
      <configuration name="last_modified">
        <displayName>Last Modified</displayName>
        <value>2009-06-23 10:05:10</value>
      </configuration>
      <configuration name="who">
        <displayName>Who</displayName>
        <value>1</value>
      </configuration>
      <configurationGroup name="fields">
        <displayName>Fields</displayName>
        <configuration name="name">
          <displayName>Name</displayName>
          <value>New Position</value>
        </configuration>
      </configurationGroup>
    </configurationGroup>
    <configurationGroup name="6">
      <displayName>6</displayName>
      <configuration name="last_modified">
        <displayName>Last Modified</displayName>
        <value>2009-06-23 10:05:10</value>
      </configuration>
      <configuration name="who">
        <displayName>Who</displayName>
        <value>1</value>
      </configuration>
      <configurationGroup name="fields">
        <displayName>Fields</displayName>
        <configuration name="name">
          <displayName>Name</displayName>
          <value>Internal Promotion</value>
        </configuration>
      </configurationGroup>
    </configurationGroup>
    <configurationGroup name="7">
      <displayName>7</displayName>
      <configuration name="last_modified">
        <displayName>Last Modified</displayName>
        <value>2009-06-23 10:05:11</value>
      </configuration>
      <configuration name="who">
        <displayName>Who</displayName>
        <value>1</value>
      </configuration>
      <configurationGroup name="fields">
        <displayName>Fields</displayName>
        <configuration name="name">
          <displayName>Name</displayName>
          <value>Involuntary Separation</value>
        </configuration>
      </configurationGroup>
    </configurationGroup>
    <configurationGroup name="8">
      <displayName>8</displayName>
      <configuration name="last_modified">
        <displayName>Last Modified</displayName>
        <value>2009-06-23 10:05:11</value>
      </configuration>
      <configuration name="who">
        <displayName>Who</displayName>
        <value>1</value>
      </configuration>
      <configurationGroup name="fields">
        <displayName>Fields</displayName>
        <configuration name="name">
          <displayName>Name</displayName>
          <value>Retirement</value>
        </configuration>
      </configurationGroup>
    </configurationGroup>
    <configurationGroup name="9">
      <displayName>9</displayName>
      <configuration name="last_modified">
        <displayName>Last Modified</displayName>
        <value>2009-06-23 10:05:11</value>
      </configuration>
      <configuration name="who">
        <displayName>Who</displayName>
        <value>1</value>
      </configuration>
      <configurationGroup name="fields">
        <displayName>Fields</displayName>
        <configuration name="name">
          <displayName>Name</displayName>
          <value>Voluntary Separation</value>
        </configuration>
      </configurationGroup>
    </configurationGroup>
  </configurationGroup>
</I2CEConfiguration>