<?xml version="1.0"?>
<!DOCTYPE I2CEConfiguration SYSTEM "I2CE_Configuration.dtd">
<I2CEConfiguration name="SampleData-benefit_type">
  <metadata>
    <displayName>Benefit Type</displayName>
    <description>Sample Data for form: benefit_type</description>
    <version>4.3.0</version>
    <requirement name="ihris-manage-Benefit">
      <atLeast version="4.0" />
    </requirement>
  </metadata>
  <configurationGroup name="SampleData-benefit_type" path="//I2CE/formsData/forms/benefit_type">
    <displayName>Export</displayName>
    <version>3.2.0</version>
    <configurationGroup name="1">
      <displayName>1</displayName>
      <configuration name="last_modified">
        <displayName>Last Modified</displayName>
        <value>2009-06-23 10:00:37</value>
      </configuration>
      <configuration name="who">
        <displayName>Who</displayName>
        <value>1</value>
      </configuration>
      <configurationGroup name="fields">
        <displayName>Fields</displayName>
        <configuration name="name">
          <displayName>Name</displayName>
          <value>Allowance</value>
        </configuration>
      </configurationGroup>
    </configurationGroup>
    <configurationGroup name="2">
      <displayName>2</displayName>
      <configuration name="last_modified">
        <displayName>Last Modified</displayName>
        <value>2009-06-23 10:00:37</value>
      </configuration>
      <configuration name="who">
        <displayName>Who</displayName>
        <value>1</value>
      </configuration>
      <configurationGroup name="fields">
        <displayName>Fields</displayName>
        <configuration name="name">
          <displayName>Name</displayName>
          <value>Bonus</value>
        </configuration>
      </configurationGroup>
    </configurationGroup>
    <configurationGroup name="3">
      <displayName>3</displayName>
      <configuration name="last_modified">
        <displayName>Last Modified</displayName>
        <value>2009-06-23 10:00:37</value>
      </configuration>
      <configuration name="who">
        <displayName>Who</displayName>
        <value>1</value>
      </configuration>
      <configurationGroup name="fields">
        <displayName>Fields</displayName>
        <configuration name="name">
          <displayName>Name</displayName>
          <value>Travel Advance</value>
        </configuration>
      </configurationGroup>
    </configurationGroup>
    <configurationGroup name="4">
      <displayName>4</displayName>
      <configuration name="last_modified">
        <displayName>Last Modified</displayName>
        <value>2009-06-23 10:00:38</value>
      </configuration>
      <configuration name="who">
        <displayName>Who</displayName>
        <value>1</value>
      </configuration>
      <configurationGroup name="fields">
        <displayName>Fields</displayName>
        <configuration name="name">
          <displayName>Name</displayName>
          <value>Expense</value>
        </configuration>
      </configurationGroup>
    </configurationGroup>
  </configurationGroup>
</I2CEConfiguration>