<?xml version="1.0" encoding="utf-8"?>
<!DOCTYPE I2CEConfiguration SYSTEM "I2CE_Configuration.dtd">
<I2CEConfiguration name="ihris-manage" path="/I2CE">
  <metadata>
    <version>4.3.3.0.1</version>
  </metadata>
  <configurationGroup name="ihris-manage" path="/I2CE" locale="gl">
    <version>4.3.0.1</version>
    <configurationGroup name="tasks" path="/I2CE/tasks/task_description">
      <configuration name="can_edit_planning_database_lists" locale="gl" values="single" type="string">
        <value>Pode editar algunhas listas da base de datos de plans</value>
      </configuration>
      <configuration name="can_view_planning_database_lists" locale="gl" values="single" type="string">
        <value>Pode ollar algunhas listas da base de datos de plans</value>
      </configuration>
      <configuration name="can_edit_all_planning_database_lists" locale="gl" values="single" type="string">
        <value>Pode editar todas as listas da base de datos de plans</value>
      </configuration>
      <configuration name="can_view_all_planning_database_lists" locale="gl" values="single" type="string">
        <value>Pode ollar todas as listas da base de datos de plans</value>
      </configuration>
      <configuration name="can_edit_organization_database_lists" locale="gl" values="single" type="string">
        <value>Pode editar algunhas listas da base de datos de organización</value>
      </configuration>
      <configuration name="can_view_organization_database_lists" locale="gl" values="single" type="string">
        <value>Pode ollar algunhas listas da base de datos de organización</value>
      </configuration>
      <configuration name="can_edit_all_organization_database_lists" locale="gl" values="single" type="string">
        <value>Pode editar todas as listas da base de datos de organización</value>
      </configuration>
      <configuration name="can_view_all_organization_database_lists" locale="gl" values="single" type="string">
        <value>Pode ollar todas as listas da base de datos de organización</value>
      </configuration>
      <configuration name="can_edit_employee_database_lists" locale="gl" values="single" type="string">
        <value>Pode editar algunhas listas da base de datos de empregados</value>
      </configuration>
      <configuration name="can_view_employee_database_lists" locale="gl" values="single" type="string">
        <value>Pode ollar algunhas listas da base de datos de empregados</value>
      </configuration>
      <configuration name="can_edit_all_employee_database_lists" locale="gl" values="single" type="string">
        <value>Pode editar todas as listas da base de datos de empregados</value>
      </configuration>
      <configuration name="can_view_all_employee_database_lists" locale="gl" values="single" type="string">
        <value>Pode ollar todas as listas da base de datos de empregados</value>
      </configuration>
      <configuration name="can_edit_position_database_lists" locale="gl" values="single" type="string">
        <value>Pode editar algunhas listas da base de datos de cargos</value>
      </configuration>
      <configuration name="can_view_position_database_lists" locale="gl" values="single" type="string">
        <value>Pode ollar algunhas listas da base de datos de cargos</value>
      </configuration>
    </configurationGroup>
    <configurationGroup name="roles" path="/I2CE/formsData/forms/role">
      <configurationGroup name="hr_manager">
        <configurationGroup name="fields">
          <configuration name="name" values="single" locale="gl" type="string">
            <value>Administrador de recursos humanos</value>
          </configuration>
        </configurationGroup>
      </configurationGroup>
      <configurationGroup name="hr_staff">
        <configurationGroup name="fields">
          <configuration name="name" values="single" locale="gl" type="string">
            <value>Persoal de recursos humanos</value>
          </configuration>
        </configurationGroup>
      </configurationGroup>
      <configurationGroup name="exec_manager">
        <configurationGroup name="fields">
          <configuration name="name" values="single" locale="gl" type="string">
            <value>Director executivo</value>
          </configuration>
        </configurationGroup>
      </configurationGroup>
      <configurationGroup name="training_manager">
        <configurationGroup name="fields">
          <configuration name="name" values="single" locale="gl" type="string">
            <value>Administrador da formación</value>
          </configuration>
        </configurationGroup>
      </configurationGroup>
    </configurationGroup>
    <configurationGroup name="page">
      <configurationGroup name="feedback">
        <configurationGroup name="args">
          <configuration name="title" values="single" locale="gl" type="string">
            <value>Enviar comentarios</value>
          </configuration>
        </configurationGroup>
      </configurationGroup>
      <configurationGroup name="manage">
        <configurationGroup name="args">
          <configuration name="title" values="single" locale="gl" type="string">
            <value>Administrar as persoas</value>
          </configuration>
        </configurationGroup>
      </configurationGroup>
    </configurationGroup>
    <configurationGroup name="search_reports" path="/modules/CustomReports/search_reports">
      <configuration name="search_people" values="many" type="delimited" locale="gl">
        <value>name:Procurar persoas</value>
        <value>description:Atope o rexistro de calquera persoa no sistema que revisar, imprimir ou actualizar.</value>
      </configuration>
      <configuration name="position_list" values="many" type="delimited" locale="gl">
        <value>name:Procurar cargos</value>
        <value>description:Atope calquera cargo no sistema que revisar, imprimir ou actualizar.</value>
      </configuration>
    </configurationGroup>
  </configurationGroup>
</I2CEConfiguration>