<?xml version="1.0" encoding="utf-8"?>
<!DOCTYPE I2CEConfiguration SYSTEM "I2CE_Configuration.dtd">
<I2CEConfiguration name="ihris-manage" path="/I2CE">
  <metadata>
    <version>4.3.3.0</version>
  </metadata>
  <configurationGroup name="ihris-manage" path="/I2CE" locale="en_US">
    <version>4.3.0</version>
    <configurationGroup name="tasks" path="/I2CE/tasks/task_description">
      <configuration name="can_edit_planning_database_lists" locale="en_US" values="single" type="string">
        <value>Can edit some planning database lists</value>
      </configuration>
      <configuration name="can_view_planning_database_lists" locale="en_US" values="single" type="string">
        <value>Can view some planning database lists</value>
      </configuration>
      <configuration name="can_edit_all_planning_database_lists" locale="en_US" values="single" type="string">
        <value>Can edit all planning database lists</value>
      </configuration>
      <configuration name="can_view_all_planning_database_lists" locale="en_US" values="single" type="string">
        <value>Can view all planning database lists</value>
      </configuration>
      <configuration name="can_edit_organization_database_lists" locale="en_US" values="single" type="string">
        <value>Can edit some organizational database lists</value>
      </configuration>
      <configuration name="can_view_organization_database_lists" locale="en_US" values="single" type="string">
        <value>Can view some organizational database lists</value>
      </configuration>
      <configuration name="can_edit_all_organization_database_lists" locale="en_US" values="single" type="string">
        <value>Can edit all organizational database lists</value>
      </configuration>
      <configuration name="can_view_all_organization_database_lists" locale="en_US" values="single" type="string">
        <value>Can view all organizational database lists</value>
      </configuration>
      <configuration name="can_edit_employee_database_lists" locale="en_US" values="single" type="string">
        <value>Can edit some employee database lists</value>
      </configuration>
      <configuration name="can_view_employee_database_lists" locale="en_US" values="single" type="string">
        <value>Can view some employee database lists</value>
      </configuration>
      <configuration name="can_edit_all_employee_database_lists" locale="en_US" values="single" type="string">
        <value>Can edit all employee database lists</value>
      </configuration>
      <configuration name="can_view_all_employee_database_lists" locale="en_US" values="single" type="string">
        <value>Can view all employee database lists</value>
      </configuration>
      <configuration name="can_edit_position_database_lists" locale="en_US" values="single" type="string">
        <value>Can edit some position database lists</value>
      </configuration>
      <configuration name="can_view_position_database_lists" locale="en_US" values="single" type="string">
        <value>Can view some position database lists</value>
      </configuration>
    </configurationGroup>
    <configurationGroup name="roles" path="/I2CE/formsData/forms/role">
      <configurationGroup name="hr_manager">
        <configurationGroup name="fields">
          <configuration name="name" values="single" locale="en_US" type="string">
            <value>HR Manager</value>
          </configuration>
        </configurationGroup>
      </configurationGroup>
      <configurationGroup name="hr_staff">
        <configurationGroup name="fields">
          <configuration name="name" values="single" locale="en_US" type="string">
            <value>HR Staff</value>
          </configuration>
        </configurationGroup>
      </configurationGroup>
      <configurationGroup name="exec_manager">
        <configurationGroup name="fields">
          <configuration name="name" values="single" locale="en_US" type="string">
            <value>Executive Manager</value>
          </configuration>
        </configurationGroup>
      </configurationGroup>
      <configurationGroup name="training_manager">
        <configurationGroup name="fields">
          <configuration name="name" values="single" locale="en_US" type="string">
            <value>Training Manager</value>
          </configuration>
        </configurationGroup>
      </configurationGroup>
    </configurationGroup>
    <configurationGroup name="page">
      <configurationGroup name="feedback">
        <configurationGroup name="args">
          <configuration name="title" values="single" locale="en_US" type="string">
            <value>Send Feedback</value>
          </configuration>
        </configurationGroup>
      </configurationGroup>
      <configurationGroup name="manage">
        <configurationGroup name="args">
          <configuration name="title" values="single" locale="en_US" type="string">
            <value>Manage People</value>
          </configuration>
        </configurationGroup>
      </configurationGroup>
    </configurationGroup>
    <configurationGroup name="search_reports" path="/modules/CustomReports/search_reports">
      <configuration name="search_people" values="many" type="delimited" locale="en_US">
        <value>name:Search People</value>
        <value>description:Locate any person's record in the system to review, print or update.</value>
      </configuration>
      <configuration name="position_list" values="many" type="delimited" locale="en_US">
        <value>name:Search Positions</value>
        <value>description:Locate any position in the system to review, print or update.</value>
      </configuration>
    </configurationGroup>
  </configurationGroup>
</I2CEConfiguration>