<?xml version="1.0" encoding="utf-8"?>
<!DOCTYPE I2CEConfiguration SYSTEM "I2CE_Configuration.dtd">
<I2CEConfiguration name="accident" path="/I2CE">
  <metadata>
    <version>4.3.0</version>
  </metadata>
  <configurationGroup name="accident" path="/I2CE" locale="en_US">
    <version>4.3.0</version>
    <configurationGroup name="invalid_formfield_message" path="/modules/forms/formfield_messages" locale="en_US">
      <configuration name="accident_date" path="accident/end_date/bad_date">
        <value>The end date must be after the start date.</value>
      </configuration>
    </configurationGroup>
    <configurationGroup name="tasks" path="/I2CE/tasks/task_description">
      <configuration name="person_can_edit_child_form_accident" locale="en_US">
        <value>Can edit the workplace injuries and accidents assigned to a person</value>
      </configuration>
      <configuration name="person_can_view_child_form_accident" locale="en_US">
        <value>Can view the wokrplace injuries and accidents assigned to a person</value>
      </configuration>
      <configuration name="can_edit_database_list_accident_type" locale="en_US">
        <value>Edit the workplace accident type list</value>
      </configuration>
      <configuration name="can_view_database_list_accident_type" locale="en_US">
        <value>View the workplace accident type list</value>
      </configuration>
    </configurationGroup>
    <configurationGroup name="forms" path="/modules/forms">
      <configurationGroup name="forms">
        <configurationGroup name="accident">
          <configuration name="display" values="single" locale="en_US">
            <value>Accident</value>
          </configuration>
        </configurationGroup>
        <configurationGroup name="accident_type">
          <configuration name="display" values="single" locale="en_US">
            <value>Workplace Accident Type</value>
          </configuration>
        </configurationGroup>
      </configurationGroup>
      <configurationGroup name="formClasses">
        <configurationGroup name="iHRIS_Accident">
          <configurationGroup name="fields">
            <configurationGroup name="occurence_date">
              <configuration name="headers" type="delimited" locale="en_US">
                <value>default:Date of Occurence</value>
              </configuration>
            </configurationGroup>
            <configurationGroup name="accident_type">
              <configuration name="headers" type="delimited" locale="en_US">
                <value>default:Accident Type</value>
              </configuration>
            </configurationGroup>
            <configurationGroup name="start_date">
              <configuration name="headers" type="delimited" locale="en_US">
                <value>default:Start of Applicability</value>
              </configuration>
            </configurationGroup>
            <configurationGroup name="end_date">
              <configuration name="headers" type="delimited" locale="en_US">
                <value>default:End of Applicability</value>
              </configuration>
            </configurationGroup>
            <configurationGroup name="followup">
              <configuration name="headers" type="delimited" locale="en_US">
                <value>default:Follow-up Required</value>
              </configuration>
            </configurationGroup>
            <configurationGroup name="persons_involved">
              <configuration name="headers" type="delimited" locale="en_US">
                <value>default:People Involved</value>
              </configuration>
            </configurationGroup>
          </configurationGroup>
        </configurationGroup>
      </configurationGroup>
    </configurationGroup>
    <configurationGroup name="page">
      <configurationGroup name="home" path="/modules/accident/page/home">
        <configurationGroup name="args">
          <configuration name="title" values="single" locale="en_US">
            <value>Add/Update Workplace Accident</value>
          </configuration>
        </configurationGroup>
      </configurationGroup>
    </configurationGroup>
  </configurationGroup>
</I2CEConfiguration>