<?xml version="1.0"?>
<!DOCTYPE I2CEConfiguration SYSTEM "I2CE_Configuration.dtd">
<I2CEConfiguration name="SampleData-language">
  <metadata>
    <displayName>Language</displayName>
    <description>Sample Data for form: language</description>
    <version>4.3.0</version>
    <requirement name="PersonLanguage">
      <atLeast version="4.0" />
    </requirement>
  </metadata>
  <configurationGroup name="SampleData-language" path="//I2CE/formsData/forms/language">
    <displayName>Export</displayName>
    <version>3.2.0</version>
    <configurationGroup name="1">
      <displayName>1</displayName>
      <configuration name="last_modified">
        <displayName>Last Modified</displayName>
        <value>2009-06-23 09:50:37</value>
      </configuration>
      <configuration name="who">
        <displayName>Who</displayName>
        <value>1</value>
      </configuration>
      <configurationGroup name="fields">
        <displayName>Fields</displayName>
        <configuration name="name">
          <displayName>Name</displayName>
          <value>Taifafeki</value>
        </configuration>
      </configurationGroup>
    </configurationGroup>
    <configurationGroup name="2">
      <displayName>2</displayName>
      <configuration name="last_modified">
        <displayName>Last Modified</displayName>
        <value>2009-06-23 09:50:37</value>
      </configuration>
      <configuration name="who">
        <displayName>Who</displayName>
        <value>1</value>
      </configuration>
      <configurationGroup name="fields">
        <displayName>Fields</displayName>
        <configuration name="name">
          <displayName>Name</displayName>
          <value>French</value>
        </configuration>
      </configurationGroup>
    </configurationGroup>
    <configurationGroup name="3">
      <displayName>3</displayName>
      <configuration name="last_modified">
        <displayName>Last Modified</displayName>
        <value>2009-06-23 09:50:37</value>
      </configuration>
      <configuration name="who">
        <displayName>Who</displayName>
        <value>1</value>
      </configuration>
      <configurationGroup name="fields">
        <displayName>Fields</displayName>
        <configuration name="name">
          <displayName>Name</displayName>
          <value>English</value>
        </configuration>
      </configurationGroup>
    </configurationGroup>
    <configurationGroup name="4">
      <displayName>4</displayName>
      <configuration name="last_modified">
        <displayName>Last Modified</displayName>
        <value>2009-06-23 09:50:37</value>
      </configuration>
      <configuration name="who">
        <displayName>Who</displayName>
        <value>1</value>
      </configuration>
      <configurationGroup name="fields">
        <displayName>Fields</displayName>
        <configuration name="name">
          <displayName>Name</displayName>
          <value>Spanish</value>
        </configuration>
      </configurationGroup>
    </configurationGroup>
    <configurationGroup name="5">
      <displayName>5</displayName>
      <configuration name="last_modified">
        <displayName>Last Modified</displayName>
        <value>2009-06-23 09:50:37</value>
      </configuration>
      <configuration name="who">
        <displayName>Who</displayName>
        <value>1</value>
      </configuration>
      <configurationGroup name="fields">
        <displayName>Fields</displayName>
        <configuration name="name">
          <displayName>Name</displayName>
          <value>Kinyarwanda</value>
        </configuration>
      </configurationGroup>
    </configurationGroup>
    <configurationGroup name="6">
      <displayName>6</displayName>
      <configuration name="last_modified">
        <displayName>Last Modified</displayName>
        <value>2009-06-23 09:50:37</value>
      </configuration>
      <configuration name="who">
        <displayName>Who</displayName>
        <value>1</value>
      </configuration>
      <configurationGroup name="fields">
        <displayName>Fields</displayName>
        <configuration name="name">
          <displayName>Name</displayName>
          <value>Swahili</value>
        </configuration>
      </configurationGroup>
    </configurationGroup>
    <configurationGroup name="7">
      <displayName>7</displayName>
      <configuration name="last_modified">
        <displayName>Last Modified</displayName>
        <value>2009-06-23 09:50:37</value>
      </configuration>
      <configuration name="who">
        <displayName>Who</displayName>
        <value>1</value>
      </configuration>
      <configurationGroup name="fields">
        <displayName>Fields</displayName>
        <configuration name="name">
          <displayName>Name</displayName>
          <value>Italian</value>
        </configuration>
      </configurationGroup>
    </configurationGroup>
    <configurationGroup name="8">
      <displayName>8</displayName>
      <configuration name="last_modified">
        <displayName>Last Modified</displayName>
        <value>2009-06-23 09:50:37</value>
      </configuration>
      <configuration name="who">
        <displayName>Who</displayName>
        <value>1</value>
      </configuration>
      <configurationGroup name="fields">
        <displayName>Fields</displayName>
        <configuration name="name">
          <displayName>Name</displayName>
          <value>Dutch</value>
        </configuration>
      </configurationGroup>
    </configurationGroup>
    <configurationGroup name="9">
      <displayName>9</displayName>
      <configuration name="last_modified">
        <displayName>Last Modified</displayName>
        <value>2009-06-23 09:50:38</value>
      </configuration>
      <configuration name="who">
        <displayName>Who</displayName>
        <value>1</value>
      </configuration>
      <configurationGroup name="fields">
        <displayName>Fields</displayName>
        <configuration name="name">
          <displayName>Name</displayName>
          <value>German</value>
        </configuration>
      </configurationGroup>
    </configurationGroup>
  </configurationGroup>
</I2CEConfiguration>