<?xml version="1.0"?>
<!DOCTYPE I2CEConfiguration SYSTEM "I2CE_Configuration.dtd">
<I2CEConfiguration name="leave_data">
  <metadata>
    <displayName>leave_cycle</displayName>
    <version>4.2.2.2</version>
  </metadata>
  <configurationGroup name="leave_cycle" path="//I2CE/formsData/forms/leave_cycle">
    <configurationGroup name="1">
      <displayName>1</displayName>
      <configuration name="last_modified">
        <displayName>Last Modified</displayName>
        <value>2017-07-02 15:09:32</value>
      </configuration>
      <configuration name="who">
        <displayName>Who</displayName>
        <value>0</value>
      </configuration>
      <configurationGroup name="fields">
        <displayName>Fields</displayName>
        <configuration name="i2ce_hidden">
          <displayName>I2ce Hidden</displayName>
          <value>0</value>
        </configuration>
        <configuration name="remap">
          <displayName>Remap</displayName>
          <value></value>
        </configuration>
        <configuration name="years">
          <displayName>Years</displayName>
          <value>2</value>
        </configuration>
      </configurationGroup>
    </configurationGroup>
    <configurationGroup name="2">
      <displayName>2</displayName>
      <configuration name="last_modified">
        <displayName>Last Modified</displayName>
        <value>2017-07-02 15:10:04</value>
      </configuration>
      <configuration name="who">
        <displayName>Who</displayName>
        <value>0</value>
      </configuration>
      <configurationGroup name="fields">
        <displayName>Fields</displayName>
        <configuration name="i2ce_hidden">
          <displayName>I2ce Hidden</displayName>
          <value>0</value>
        </configuration>
        <configuration name="remap">
          <displayName>Remap</displayName>
          <value></value>
        </configuration>
        <configuration name="years">
          <displayName>Years</displayName>
          <value>6</value>
        </configuration>
      </configurationGroup>
    </configurationGroup>
  </configurationGroup>
  <configurationGroup name="leave_status" path="//I2CE/formsData/forms/leave_status">
    <displayName>Export</displayName>
    <version>4.2.2.2</version>
    <configurationGroup name="1">
      <displayName>1</displayName>
      <configuration name="last_modified">
        <displayName>Last Modified</displayName>
        <value>2017-07-02 17:55:48</value>
      </configuration>
      <configuration name="who">
        <displayName>Who</displayName>
        <value>0</value>
      </configuration>
      <configurationGroup name="fields">
        <displayName>Fields</displayName>
        <configuration name="i2ce_hidden">
          <displayName>I2ce Hidden</displayName>
          <value>0</value>
        </configuration>
        <configuration name="remap">
          <displayName>Remap</displayName>
          <value></value>
        </configuration>
        <configuration name="name">
          <displayName>Name</displayName>
          <value>Approved</value>
        </configuration>
      </configurationGroup>
    </configurationGroup>
    <configurationGroup name="2">
      <displayName>2</displayName>
      <configuration name="last_modified">
        <displayName>Last Modified</displayName>
        <value>2017-07-02 17:56:03</value>
      </configuration>
      <configuration name="who">
        <displayName>Who</displayName>
        <value>0</value>
      </configuration>
      <configurationGroup name="fields">
        <displayName>Fields</displayName>
        <configuration name="i2ce_hidden">
          <displayName>I2ce Hidden</displayName>
          <value>0</value>
        </configuration>
        <configuration name="remap">
          <displayName>Remap</displayName>
          <value></value>
        </configuration>
        <configuration name="name">
          <displayName>Name</displayName>
          <value>Denied</value>
        </configuration>
      </configurationGroup>
    </configurationGroup>
    <configurationGroup name="3">
      <displayName>3</displayName>
      <configuration name="last_modified">
        <displayName>Last Modified</displayName>
        <value>2017-07-02 17:56:03</value>
      </configuration>
      <configuration name="who">
        <displayName>Who</displayName>
        <value>0</value>
      </configuration>
      <configurationGroup name="fields">
        <displayName>Fields</displayName>
        <configuration name="i2ce_hidden">
          <displayName>I2ce Hidden</displayName>
          <value>0</value>
        </configuration>
        <configuration name="remap">
          <displayName>Remap</displayName>
          <value></value>
        </configuration>
        <configuration name="name">
          <displayName>Name</displayName>
          <value>Waiting Approval</value>
        </configuration>
      </configurationGroup>
    </configurationGroup>
  </configurationGroup>
</I2CEConfiguration>
