<?xml version="1.0"?>
<!DOCTYPE I2CEConfiguration SYSTEM "I2CE_Configuration.dtd">
<I2CEConfiguration name="Uganda-manage-data-pos_change_reason">
  <metadata>
    <displayName>Uganda Manage data for position change reason</displayName>
    <description>Data for form: pos_change_reason</description>
    <version>4.1.0.0</version>
    <requirement name="ihris-manage-PersonPosition">
      <atLeast version="4.1" />
    </requirement>
    <path name="configs">
      <value>./configs</value>
    </path>
  </metadata>
  <configurationGroup name="Uganda-manage-data-pos_change_reason" path="/I2CE/formsData/forms/pos_change_reason">
    <displayName>Form data: pos_change_reason</displayName>
    <configurationGroup name="promotion">
      <displayName>promotion</displayName>
      <configuration name="last_modified">
        <displayName>Last Modified</displayName>
        <value>2011-03-23 12:47:32</value>
      </configuration>
      <configuration name="who">
        <displayName>Who</displayName>
        <value>1</value>
      </configuration>
      <configurationGroup name="fields">
        <displayName>Fields</displayName>
        <configuration name="name">
          <value>Promotion</value>
        </configuration>
      </configurationGroup>
    </configurationGroup>
    <configurationGroup name="demotion">
      <displayName>demotion</displayName>
      <configuration name="last_modified">
        <displayName>Last Modified</displayName>
        <value>2011-03-23 12:47:32</value>
      </configuration>
      <configuration name="who">
        <displayName>Who</displayName>
        <value>1</value>
      </configuration>
      <configurationGroup name="fields">
        <displayName>Fields</displayName>
        <configuration name="name">
          <value>Demotion</value>
        </configuration>
      </configurationGroup>
    </configurationGroup>
    <configurationGroup name="dismissal">
      <displayName>dismissal</displayName>
      <configuration name="last_modified">
        <displayName>Last Modified</displayName>
        <value>2011-03-23 12:47:32</value>
      </configuration>
      <configuration name="who">
        <displayName>Who</displayName>
        <value>1</value>
      </configuration>
      <configurationGroup name="fields">
        <displayName>Fields</displayName>
        <configuration name="name">
          <value>Dismissal</value>
        </configuration>
      </configurationGroup>
    </configurationGroup>
    <configurationGroup name="death">
      <displayName>death</displayName>
      <configuration name="last_modified">
        <displayName>Last Modified</displayName>
        <value>2011-03-23 12:47:32</value>
      </configuration>
      <configuration name="who">
        <displayName>Who</displayName>
        <value>1</value>
      </configuration>
      <configurationGroup name="fields">
        <displayName>Fields</displayName>
        <configuration name="name">
          <value>Death</value>
        </configuration>
      </configurationGroup>
    </configurationGroup>
    <configurationGroup name="illness">
      <displayName>illness</displayName>
      <configuration name="last_modified">
        <displayName>Last Modified</displayName>
        <value>2011-03-23 12:47:32</value>
      </configuration>
      <configuration name="who">
        <displayName>Who</displayName>
        <value>1</value>
      </configuration>
      <configurationGroup name="fields">
        <displayName>Fields</displayName>
        <configuration name="name">
          <value>Illness</value>
        </configuration>
      </configurationGroup>
    </configurationGroup>
    <configurationGroup name="leave_wo_pay">
      <displayName>leave_wo_pay</displayName>
      <configuration name="last_modified">
        <displayName>Last Modified</displayName>
        <value>2011-03-23 12:47:32</value>
      </configuration>
      <configuration name="who">
        <displayName>Who</displayName>
        <value>1</value>
      </configuration>
      <configurationGroup name="fields">
        <displayName>Fields</displayName>
        <configuration name="name">
          <value>Leave without pay</value>
        </configuration>
      </configurationGroup>
    </configurationGroup>
    <configurationGroup name="international_assignment">
      <displayName>international_assignment</displayName>
      <configuration name="last_modified">
        <displayName>Last Modified</displayName>
        <value>2011-03-23 12:47:32</value>
      </configuration>
      <configuration name="who">
        <displayName>Who</displayName>
        <value>1</value>
      </configuration>
      <configurationGroup name="fields">
        <displayName>Fields</displayName>
        <configuration name="name">
          <value>International assignment</value>
        </configuration>
      </configurationGroup>
    </configurationGroup>
    <configurationGroup name="abandonment">
      <displayName>abandonment</displayName>
      <configuration name="last_modified">
        <displayName>Last Modified</displayName>
        <value>2011-03-23 12:47:32</value>
      </configuration>
      <configuration name="who">
        <displayName>Who</displayName>
        <value>1</value>
      </configuration>
      <configurationGroup name="fields">
        <displayName>Fields</displayName>
        <configuration name="name">
          <value>Abandonment</value>
        </configuration>
      </configurationGroup>
    </configurationGroup>
    <configurationGroup name="regisnation">
      <displayName>regisnation</displayName>
      <configuration name="last_modified">
        <displayName>Last Modified</displayName>
        <value>2011-03-23 12:47:32</value>
      </configuration>
      <configuration name="who">
        <displayName>Who</displayName>
        <value>1</value>
      </configuration>
      <configurationGroup name="fields">
        <displayName>Fields</displayName>
        <configuration name="name">
          <value>Resignation</value>
        </configuration>
      </configurationGroup>
    </configurationGroup>
    <configurationGroup name="transfer">
      <displayName>transfer</displayName>
      <configuration name="last_modified">
        <displayName>Last Modified</displayName>
        <value>2011-03-23 12:47:32</value>
      </configuration>
      <configuration name="who">
        <displayName>Who</displayName>
        <value>1</value>
      </configuration>
      <configurationGroup name="fields">
        <displayName>Fields</displayName>
        <configuration name="name">
          <value>Transfer</value>
        </configuration>
      </configurationGroup>
    </configurationGroup>
    <configurationGroup name="redesignation">
      <displayName>redesignation</displayName>
      <configuration name="last_modified">
        <displayName>Last Modified</displayName>
        <value>2011-03-23 12:47:32</value>
      </configuration>
      <configuration name="who">
        <displayName>Who</displayName>
        <value>1</value>
      </configuration>
      <configurationGroup name="fields">
        <displayName>Fields</displayName>
        <configuration name="name">
          <value>Re-designation</value>
        </configuration>
      </configurationGroup>
    </configurationGroup>
    <configurationGroup name="retirement">
      <displayName>retirement</displayName>
      <configuration name="last_modified">
        <displayName>Last Modified</displayName>
        <value>2011-03-23 12:47:32</value>
      </configuration>
      <configuration name="who">
        <displayName>Who</displayName>
        <value>1</value>
      </configuration>
      <configurationGroup name="fields">
        <displayName>Fields</displayName>
        <configuration name="name">
          <value>Retirement</value>
        </configuration>
      </configurationGroup>
    </configurationGroup>
    <configurationGroup name="termination">
      <displayName>termination</displayName>
      <configuration name="last_modified">
        <displayName>Last Modified</displayName>
        <value>2011-03-23 12:47:32</value>
      </configuration>
      <configuration name="who">
        <displayName>Who</displayName>
        <value>1</value>
      </configuration>
      <configurationGroup name="fields">
        <displayName>Fields</displayName>
        <configuration name="name">
          <value>Termination of contract</value>
        </configuration>
      </configurationGroup>
    </configurationGroup>
    <configurationGroup name="aboliation">
      <displayName>aboliation</displayName>
      <configuration name="last_modified">
        <displayName>Last Modified</displayName>
        <value>2011-03-23 12:47:32</value>
      </configuration>
      <configuration name="who">
        <displayName>Who</displayName>
        <value>1</value>
      </configuration>
      <configurationGroup name="fields">
        <displayName>Fields</displayName>
        <configuration name="name">
          <value>Abolition of office</value>
        </configuration>
      </configurationGroup>
    </configurationGroup>
    <configurationGroup name="end_probation">
      <displayName>end_probation</displayName>
      <configuration name="last_modified">
        <displayName>Last Modified</displayName>
        <value>2011-03-23 12:47:32</value>
      </configuration>
      <configuration name="who">
        <displayName>Who</displayName>
        <value>1</value>
      </configuration>
      <configurationGroup name="fields">
        <displayName>Fields</displayName>
        <configuration name="name">
          <value>End of probation</value>
        </configuration>
      </configurationGroup>
    </configurationGroup>
  </configurationGroup>
</I2CEConfiguration>
