<?xml version="1.0"?>
<!DOCTYPE I2CEConfiguration SYSTEM "I2CE_Configuration.dtd">
<I2CEConfiguration name="Uganda-manage-data-id_type">
  <metadata>
    <displayName>Uganda Manage data for ID type</displayName>
    <description>Data for form: id_type</description>
    <version>4.1.0.0</version>
    <requirement name="PersonID">
      <atLeast version="4.1" />
    </requirement>
    <path name="configs">
      <value>./configs</value>
    </path>
  </metadata>
  <configurationGroup name="Uganda-manage-data-id_type" path="/I2CE/formsData/forms/id_type">
    <displayName>Form data: id_type</displayName>
    <configurationGroup name="computer">
      <displayName>computer</displayName>
      <configuration name="last_modified">
        <displayName>Last Modified</displayName>
        <value>2011-03-23 12:36:03</value>
      </configuration>
      <configuration name="who">
        <displayName>Who</displayName>
        <value>1</value>
      </configuration>
      <configurationGroup name="fields">
        <displayName>Fields</displayName>
        <configuration name="name">
          <value>Computer Number</value>
        </configuration>
      </configurationGroup>
    </configurationGroup>
    <configurationGroup name="file">
      <displayName>file</displayName>
      <configuration name="last_modified">
        <displayName>Last Modified</displayName>
        <value>2011-03-23 12:36:03</value>
      </configuration>
      <configuration name="who">
        <displayName>Who</displayName>
        <value>1</value>
      </configuration>
      <configurationGroup name="fields">
        <displayName>Fields</displayName>
        <configuration name="name">
          <value>File Number</value>
        </configuration>
      </configurationGroup>
    </configurationGroup>
    <configurationGroup name="tin">
      <displayName>tin</displayName>
      <configuration name="last_modified">
        <displayName>Last Modified</displayName>
        <value>2011-03-23 12:36:03</value>
      </configuration>
      <configuration name="who">
        <displayName>Who</displayName>
        <value>1</value>
      </configuration>
      <configurationGroup name="fields">
        <displayName>Fields</displayName>
        <configuration name="name">
          <value>Tax Identification Number (TIN)</value>
        </configuration>
      </configurationGroup>
    </configurationGroup>
    <configurationGroup name="voter">
      <displayName>voter</displayName>
      <configuration name="last_modified">
        <displayName>Last Modified</displayName>
        <value>2011-03-23 12:36:03</value>
      </configuration>
      <configuration name="who">
        <displayName>Who</displayName>
        <value>1</value>
      </configuration>
      <configurationGroup name="fields">
        <displayName>Fields</displayName>
        <configuration name="name">
          <value>Voter’s Number</value>
        </configuration>
      </configurationGroup>
    </configurationGroup>
    <configurationGroup name="passport">
      <displayName>passport</displayName>
      <configuration name="last_modified">
        <displayName>Last Modified</displayName>
        <value>2011-03-23 12:36:03</value>
      </configuration>
      <configuration name="who">
        <displayName>Who</displayName>
        <value>1</value>
      </configuration>
      <configurationGroup name="fields">
        <displayName>Fields</displayName>
        <configuration name="name">
          <value>Passport number</value>
        </configuration>
      </configurationGroup>
    </configurationGroup>
    <configurationGroup name="id">
      <displayName>id</displayName>
      <configuration name="last_modified">
        <displayName>Last Modified</displayName>
        <value>2011-03-23 12:36:03</value>
      </configuration>
      <configuration name="who">
        <displayName>Who</displayName>
        <value>1</value>
      </configuration>
      <configurationGroup name="fields">
        <displayName>Fields</displayName>
        <configuration name="name">
          <value>ID number</value>
        </configuration>
      </configurationGroup>
    </configurationGroup>
  </configurationGroup>
</I2CEConfiguration>
