<?xml version="1.0" encoding="utf-8"?>
<!DOCTYPE I2CEConfiguration SYSTEM "I2CE_Configuration.dtd">
<I2CEConfiguration name="ihris-manage" path="/I2CE">
  <metadata>
    <version>4.3.3.0.1</version>
  </metadata>
  <configurationGroup name="ihris-manage" path="/I2CE" locale="es">
    <version>4.3.0.1</version>
    <configurationGroup name="tasks" path="/I2CE/tasks/task_description">
      <configuration name="can_edit_planning_database_lists" locale="es" values="single" type="string">
        <value>Puede editar algunas listas de base de datos de planificación</value>
      </configuration>
      <configuration name="can_view_planning_database_lists" locale="es" values="single" type="string">
        <value>Puede ver algunas listas de base de datos de planificación</value>
      </configuration>
      <configuration name="can_edit_all_planning_database_lists" locale="es" values="single" type="string">
        <value>Puede editar todas las listas de base de datos de planificación</value>
      </configuration>
      <configuration name="can_view_all_planning_database_lists" locale="es" values="single" type="string">
        <value>Puede ver todas las listas de base de datos de planificación</value>
      </configuration>
      <configuration name="can_edit_organization_database_lists" locale="es" values="single" type="string">
        <value>Puede editar algunas listas de base de datos organizacionales</value>
      </configuration>
      <configuration name="can_view_organization_database_lists" locale="es" values="single" type="string">
        <value>Puede ver algunas listas de base de datos organizacionales</value>
      </configuration>
      <configuration name="can_edit_all_organization_database_lists" locale="es" values="single" type="string">
        <value>Puede editar todas las listas de base de datos organizacionales</value>
      </configuration>
      <configuration name="can_view_all_organization_database_lists" locale="es" values="single" type="string">
        <value>Puede ver todas las listas de base de datos organizacionales</value>
      </configuration>
      <configuration name="can_edit_employee_database_lists" locale="es" values="single" type="string">
        <value>Puede editar algunas listas de base de datos de empleados</value>
      </configuration>
      <configuration name="can_view_employee_database_lists" locale="es" values="single" type="string">
        <value>Puede ver algunas listas de base de datos de empleados</value>
      </configuration>
      <configuration name="can_edit_all_employee_database_lists" locale="es" values="single" type="string">
        <value>Puede editar todas las listas de base de datos de empleados</value>
      </configuration>
      <configuration name="can_view_all_employee_database_lists" locale="es" values="single" type="string">
        <value>Puede ver todas las listas de base de datos de empleados</value>
      </configuration>
      <configuration name="can_edit_position_database_lists" locale="es" values="single" type="string">
        <value>Puede editar algunas listas de base de datos de posición</value>
      </configuration>
      <configuration name="can_view_position_database_lists" locale="es" values="single" type="string">
        <value>Puede ver algunas listas de base de datos de posición</value>
      </configuration>
    </configurationGroup>
    <configurationGroup name="roles" path="/I2CE/formsData/forms/role">
      <configurationGroup name="hr_manager">
        <configurationGroup name="fields">
          <configuration name="name" values="single" locale="es" type="string">
            <value>Gerente de Recursos Humanos</value>
          </configuration>
        </configurationGroup>
      </configurationGroup>
      <configurationGroup name="hr_staff">
        <configurationGroup name="fields">
          <configuration name="name" values="single" locale="es" type="string">
            <value>Personal de recursos humanos</value>
          </configuration>
        </configurationGroup>
      </configurationGroup>
      <configurationGroup name="exec_manager">
        <configurationGroup name="fields">
          <configuration name="name" values="single" locale="es" type="string">
            <value>Gerente Ejecutivo</value>
          </configuration>
        </configurationGroup>
      </configurationGroup>
      <configurationGroup name="training_manager">
        <configurationGroup name="fields">
          <configuration name="name" values="single" locale="es" type="string">
            <value>Administrador de entrenamiento</value>
          </configuration>
        </configurationGroup>
      </configurationGroup>
    </configurationGroup>
    <configurationGroup name="page">
      <configurationGroup name="feedback">
        <configurationGroup name="args">
          <configuration name="title" values="single" locale="es" type="string">
            <value>Enviar comentarios</value>
          </configuration>
        </configurationGroup>
      </configurationGroup>
      <configurationGroup name="manage">
        <configurationGroup name="args">
          <configuration name="title" values="single" locale="es" type="string">
            <value>Gestionar Personas</value>
          </configuration>
        </configurationGroup>
      </configurationGroup>
    </configurationGroup>
    <configurationGroup name="search_reports" path="/modules/CustomReports/search_reports">
      <configuration name="search_people" values="many" type="delimited" locale="es">
        <value>name:Buscar Personas</value>
        <value>description:Buscar cualquier registro de persona en el sistema para verlo, imprimirlo o actualizarlo.</value>
      </configuration>
      <configuration name="position_list" values="many" type="delimited" locale="es">
        <value>name:Buscar Puestos</value>
        <value>description:Buscar cualquier puesto en el sistema para verlo, imprimirlo o actualizarlo.</value>
      </configuration>
    </configurationGroup>
  </configurationGroup>
</I2CEConfiguration>