<?xml version="1.0" encoding="utf-8"?>
<!DOCTYPE I2CEConfiguration SYSTEM "I2CE_Configuration.dtd">
<I2CEConfiguration name="ihris-manage" path="/I2CE">
  <metadata>
    <version>4.3.3.0.1</version>
  </metadata>
  <configurationGroup name="ihris-manage" path="/I2CE" locale="et">
    <version>4.3.0.1</version>
    <configurationGroup name="tasks" path="/I2CE/tasks/task_description">
      <configuration name="can_edit_planning_database_lists" locale="et" values="single" type="string">
        <value>Saab redigeerida mõnd planeerimise andmebaasi nimekirja</value>
      </configuration>
      <configuration name="can_view_planning_database_lists" locale="et" values="single" type="string">
        <value>Saab vaadata mõnd planeerimise andmebaasi nimekirja</value>
      </configuration>
      <configuration name="can_edit_all_planning_database_lists" locale="et" values="single" type="string">
        <value>Saab redigeerida kõiki planeerimise andmebaasi nimekirja</value>
      </configuration>
      <configuration name="can_view_all_planning_database_lists" locale="et" values="single" type="string">
        <value>Saab vaadata kõiki planeerimise andmebaasi nimekirja</value>
      </configuration>
      <configuration name="can_edit_organization_database_lists" locale="et" values="single" type="string">
        <value>Saab redigeerida mõnd organisatsiooni andmebaasi nimekirja</value>
      </configuration>
      <configuration name="can_view_organization_database_lists" locale="et" values="single" type="string">
        <value>Saab vaadata mõnd organisatsiooni andmebaasi nimekirja</value>
      </configuration>
      <configuration name="can_edit_all_organization_database_lists" locale="et" values="single" type="string">
        <value>Saab redigeerida kõiki organisatsiooni andmebaasi nimekirju</value>
      </configuration>
      <configuration name="can_view_all_organization_database_lists" locale="et" values="single" type="string">
        <value>Saab vaadata kõiki organisatsiooni andmebaasi nimekirju</value>
      </configuration>
      <configuration name="can_edit_employee_database_lists" locale="et" values="single" type="string">
        <value>Saab redigeerida mõnd töötaja andmebaasi nimekirja</value>
      </configuration>
      <configuration name="can_view_employee_database_lists" locale="et" values="single" type="string">
        <value>Saab vaadata mõnd töötaja andmebaasi nimekirja</value>
      </configuration>
      <configuration name="can_edit_all_employee_database_lists" locale="et" values="single" type="string">
        <value>Saab redigeerida kõiki töötaja andmebaasi nimekirja</value>
      </configuration>
      <configuration name="can_view_all_employee_database_lists" locale="et" values="single" type="string">
        <value>Saab vaadata kõiki töötaja andmebaasi nimekirja</value>
      </configuration>
      <configuration name="can_edit_position_database_lists" locale="et" values="single" type="string">
        <value>Saab redigeerida mõnd positsioonide andmebaasi nimekirja</value>
      </configuration>
      <configuration name="can_view_position_database_lists" locale="et" values="single" type="string">
        <value>Saab vaadata mõnd positsioonide andmebaasi nimekirja</value>
      </configuration>
    </configurationGroup>
    <configurationGroup name="roles" path="/I2CE/formsData/forms/role">
      <configurationGroup name="hr_manager">
        <configurationGroup name="fields">
          <configuration name="name" values="single" locale="et" type="string">
            <value>IR Mänedžer</value>
          </configuration>
        </configurationGroup>
      </configurationGroup>
      <configurationGroup name="hr_staff">
        <configurationGroup name="fields">
          <configuration name="name" values="single" locale="et" type="string">
            <value>IR Personal</value>
          </configuration>
        </configurationGroup>
      </configurationGroup>
      <configurationGroup name="exec_manager">
        <configurationGroup name="fields">
          <configuration name="name" values="single" locale="et" type="string">
            <value>Peamänedžer</value>
          </configuration>
        </configurationGroup>
      </configurationGroup>
      <configurationGroup name="training_manager">
        <configurationGroup name="fields">
          <configuration name="name" values="single" locale="et" type="string">
            <value>Treeningumänedžer</value>
          </configuration>
        </configurationGroup>
      </configurationGroup>
    </configurationGroup>
    <configurationGroup name="page">
      <configurationGroup name="feedback">
        <configurationGroup name="args">
          <configuration name="title" values="single" locale="et" type="string">
            <value>Saada tagasisidet</value>
          </configuration>
        </configurationGroup>
      </configurationGroup>
      <configurationGroup name="manage">
        <configurationGroup name="args">
          <configuration name="title" values="single" locale="et" type="string">
            <value>Korralda inimesed</value>
          </configuration>
        </configurationGroup>
      </configurationGroup>
    </configurationGroup>
    <configurationGroup name="search_reports" path="/modules/CustomReports/search_reports">
      <configuration name="search_people" values="many" type="delimited" locale="et">
        <value>name:Otsi inimesi</value>
        <value>description:Leia mis tahes isiku kirje süsteemis hindamiseks, trükkimiseks või uuendamiseks.</value>
      </configuration>
      <configuration name="position_list" values="many" type="delimited" locale="et">
        <value>name:Otsi positsioone</value>
        <value>description:Leia mis tahes positsiooni kirje süsteemis hindamiseks, trükkimiseks või uuendamiseks.</value>
      </configuration>
    </configurationGroup>
  </configurationGroup>
</I2CEConfiguration>