<?xml version="1.0"?>
<!DOCTYPE I2CEConfiguration SYSTEM "I2CE_Configuration.dtd">
<I2CEConfiguration name="disciplinary_action">
  <metadata>
    <displayName>Disciplinary Action</displayName>
    <className>iHRIS_Module_DisciplinaryAction</className>
    <category>Application Component</category>
    <description>A Disciplinary Action Tracking Module</description>
    <version>4.3.0</version>
    <path name="configs">
      <value>./configs</value>
    </path>
    <requirement name="Person">
      <atLeast version="4.3" />
      <lessThan version="4.4" />
    </requirement>
    <path name="classes">
      <value>./lib</value>
    </path>
    <path name="templates">
      <value>./templates</value>
    </path>
    <priority>49</priority>
  </metadata>
  <erase path="/modules/disciplinary_action/page/history">
    <lessThan version="4.0.6.0" />
  </erase>
  <configurationGroup name="disciplinary_action" path="/I2CE">
    <displayName>Disciplinary Action</displayName>
    <configurationGroup name="invalid_formfield_message" path="/modules/forms/formfield_messages" locale="en_US">
      <version>4.1.0.1</version>
      <configuration name="disciplinary_date" path="disciplinary_action/end_date/bad_date">
        <value>The end date must be after the start date.</value>
      </configuration>
    </configurationGroup>
    <configurationGroup name="tasks" path="/I2CE/tasks/task_description">
      <version>4.0.0</version>
      <configuration name="person_can_edit_child_form_disciplinary_action" locale="en_US">
        <value>Can edit the workplace injuries and disciplinary_actions assigned to a person</value>
      </configuration>
      <configuration name="person_can_view_child_form_disciplinary_action" locale="en_US">
        <value>Can view the wokrplace injuries and disciplinary_actions assigned to a person</value>
      </configuration>
      <configuration name="can_edit_database_list_disciplinary_action_type" locale="en_US">
        <value>Edit the workplace disciplinary_action type list</value>
      </configuration>
      <configuration name="can_view_database_list_disciplinary_action_type" locale="en_US">
        <version>4.0.5.0</version>
        <value>View the workplace disciplinary_action type list</value>
      </configuration>
      <configuration name="can_edit_database_list_disciplinary_action_reason" locale="en_US">
        <version>4.0.15.0</version>
        <value>Edit the workplace disciplinary action reason type list</value>
      </configuration>
      <configuration name="can_view_database_list_disciplinary_action_reason" locale="en_US">
        <version>4.0.15.0</version>
        <value>View the workplace disciplinary action reason list</value>
      </configuration>
    </configurationGroup>
    <configurationGroup name="tasks_trickle_down" path="/I2CE/tasks/task_trickle_down/">
      <version>4.0.4</version>
      <configuration name="can_edit_database_list_disciplinary_action_type" values="many">
        <value>can_edit_database_lists</value>
        <value>can_edit_employee_database_lists</value>
        <value>can_view_database_list_disciplinary_action_type</value>
      </configuration>
      <configuration name="can_edit_database_list_disciplinary_action_reason" values="many">
        <version>4.0.15.0</version>
        <value>can_edit_database_lists</value>
        <value>can_edit_employee_database_lists</value>
        <value>can_view_database_list_disciplinary_action_reason</value>
      </configuration>
      <configuration name="can_edit_all_employee_database_lists" values="many">
        <version>4.0.15.0</version>
        <value>can_edit_database_list_disciplinary_action_type</value>
        <value>can_edit_database_list_disciplinary_action_reason</value>
      </configuration>
      <configuration name="can_view_all_employee_database_lists" values="many">
        <version>4.0.15.0</version>
        <value>can_view_database_list_disciplinary_action_type</value>
        <value>can_view_database_list_disciplinary_action_reason</value>
      </configuration>
      <configuration name="person_can_view_child_form_disciplinary_action" values="many">
        <value>person_can_view</value>
      </configuration>
      <configuration name="person_can_edit_child_form_disciplinary_action" values="many">
        <value>person_can_view_child_form_disciplinary_action</value>
        <value>person_can_view</value>
      </configuration>
    </configurationGroup>
    <configurationGroup name="forms" path="/modules/forms">
      <displayName>Forms</displayName>
      <configurationGroup name="forms">
        <displayName>Forms available to the form factory</displayName>
        <description>Information about the forms made available by iHRIS-Common</description>
        <status>advanced:true</status>
        <status>required:true</status>
        <configurationGroup name="disciplinary_action">
          <displayName>Disciplinary Action</displayName>
          <description>The Disciplinary Action Form</description>
          <configuration name="class" values="single">
            <displayName>Class Name</displayName>
            <description>The name of the class providing the form</description>
            <value>iHRIS_DisciplinaryAction</value>
          </configuration>
          <configuration name="display" values="single" locale="en_US">
            <displayName>Display name</displayName>
            <description>The display name for this form</description>
            <value>Disciplinary Action</value>
          </configuration>
        </configurationGroup>
        <configurationGroup name="disciplinary_action_type">
          <displayName>Competency Type</displayName>
          <description>The Competency Type Form</description>
          <configuration name="class" values="single">
            <displayName>Class Name</displayName>
            <description>The name of the class providing the form</description>
            <value>I2CE_SimpleList</value>
          </configuration>
          <configuration name="display" values="single" locale="en_US">
            <displayName>Display name</displayName>
            <description>The display name for this form</description>
            <value>Disciplinary Action Type</value>
          </configuration>
          <configuration name="storage" values="single">
            <displayName>Storage</displayName>
            <description>The form storage used by this form</description>
            <version>4.0.4.1</version>
            <value>magicdata</value>
          </configuration>
        </configurationGroup>
        <configurationGroup name="disciplinary_action_reason">
          <version>4.0.15.0</version>
          <configuration name="class" values="single">
            <value>I2CE_SimpleList</value>
          </configuration>
          <configuration name="display" values="single" locale="en_US">
            <value>Disciplinary Action Reason</value>
          </configuration>
          <configuration name="storage" values="single">
            <value>magicdata</value>
          </configuration>
        </configurationGroup>
        <configurationGroup name="person">
          <displayName>Person</displayName>
          <description>The Person Form</description>
          <configurationGroup name="meta">
            <displayName>MetaData on the form</displayName>
            <configuration name="child_forms" values="many">
              <displayName>Child Forms</displayName>
              <status>uniquemerge:true</status>
              <value>disciplinary_action</value>
            </configuration>
          </configurationGroup>
        </configurationGroup>
      </configurationGroup>
      <!-- End of /modules/forms/forms -->
      <configurationGroup name="formClasses">
        <displayName>Form Class Configuration</displayName>
        <configurationGroup name="iHRIS_DisciplinaryAction">
          <displayName>Configuration for the class 'iHRIS_Competency'</displayName>
          <configuration name="extends">
            <displayName>The class this form extends</displayName>
            <value>I2CE_Form</value>
          </configuration>
          <configurationGroup name="fields">
            <displayName>The fields defined for this form</displayName>
            <configurationGroup name="action_date">
              <displayName>The field 'end_date'</displayName>
              <configuration name="formfield">
                <displayName>The form field type</displayName>
                <value>DATE_YMD</value>
              </configuration>
              <configuration name="default_eval">
                <displayName>The default Value as an eval string</displayName>
                <version>4.0.1</version>
                <value>I2CE_Date::now()</value>
              </configuration>
              <configuration name="headers" type="delimited" locale="en_US">
                <displayName>The headers for this field.</displayName>
                <value>default:Date of Discussion</value>
              </configuration>
            </configurationGroup>
            <configurationGroup name="disciplinary_action_type">
              <configuration name="formfield">
                <displayName>The form field type</displayName>
                <version>4.0.0</version>
                <value>MAP</value>
              </configuration>
              <configuration name="headers" type="delimited" locale="en_US">
                <displayName>The headers for this field.</displayName>
                <value>default:Action Taken</value>
              </configuration>
              <configuration name="required" type="boolean">
                <displayName>This field is required.</displayName>
                <version>4.0.6.0</version>
                <value>true</value>
              </configuration>
            </configurationGroup>
            <configurationGroup name="disciplinary_action_reason">
              <version>4.0.15.0</version>
              <configuration name="formfield">
                <displayName>The form field type</displayName>
                <value>MAP</value>
              </configuration>
              <configuration name="headers" type="delimited" locale="en_US">
                <displayName>The headers for this field.</displayName>
                <value>default:Reason for Action</value>
              </configuration>
              <configuration name="required" type="boolean">
                <value>true</value>
              </configuration>
            </configurationGroup>
            <configurationGroup name="start_date">
              <displayName>The field 'end_date'</displayName>
              <configuration name="formfield">
                <displayName>The form field type</displayName>
                <value>DATE_YMD</value>
              </configuration>
              <configuration name="default_eval">
                <displayName>The default Value as an eval string</displayName>
                <version>4.0.1</version>
                <value>I2CE_Date::now()</value>
              </configuration>
              <configuration name="headers" type="delimited" locale="en_US">
                <displayName>The headers for this field.</displayName>
                <value>default:Start of Applicability</value>
              </configuration>
              <configuration name="required" type="boolean">
                <displayName>This field is required.</displayName>
                <version>4.0.6.0</version>
                <value>true</value>
              </configuration>
            </configurationGroup>
            <configurationGroup name="end_date">
              <displayName>The field 'end_date'</displayName>
              <configuration name="formfield">
                <displayName>The form field type</displayName>
                <value>DATE_YMD</value>
              </configuration>
              <configuration name="default_eval">
                <displayName>The default Value as an eval string</displayName>
                <version>4.0.1</version>
                <value>I2CE_Date::now()</value>
              </configuration>
              <configuration name="headers" type="delimited" locale="en_US">
                <displayName>The headers for this field.</displayName>
                <value>default:End of Applicability</value>
              </configuration>
            </configurationGroup>
            <configurationGroup name="notes">
              <displayName>The field 'notes'</displayName>
              <configuration name="formfield">
                <displayName>The form field type</displayName>
                <value>STRING_MLINE</value>
              </configuration>
              <configuration name="headers" type="delimited" locale="en_US">
                <displayName>The headers for this field.</displayName>
                <value>default:Notes</value>
              </configuration>
            </configurationGroup>
            <configurationGroup name="persons_present">
              <displayName>The field 'notes'</displayName>
              <configuration name="formfield">
                <displayName>The form field type</displayName>
                <value>STRING_MLINE</value>
              </configuration>
              <configuration name="headers" type="delimited" locale="en_US">
                <displayName>The headers for this field.</displayName>
                <value>default:People Present</value>
              </configuration>
            </configurationGroup>
          </configurationGroup>
        </configurationGroup>
      </configurationGroup>
      <!-- End of /modules/forms/formClasses -->
    </configurationGroup>
    <!-- End of /modules/forms-->
    <configurationGroup name="page">
      <displayName>Page information</displayName>
      <configurationGroup name="editAction" path="/modules/disciplinary_action/page/editAction">
        <displayName>Person_competency Page</displayName>
        <description>The page 'person_competency' which has the action of: Add/Update Disciplinary Action</description>
        <configuration name="style" values="single">
          <displayName>Page Style</displayName>
          <description>The Page Style</description>
          <value>ihris_manage_page_form_parent_person</value>
        </configuration>
        <configurationGroup name="args">
          <displayName>Page Options</displayName>
          <description>The options that control the access and display of all pages</description>
          <configuration name="title" values="single" locale="en_US">
            <displayName>Page Title</displayName>
            <description>Page Title</description>
            <status>required:true</status>
            <value>Add/Update Disciplinary Action</value>
          </configuration>
          <configuration name="page_form" values="single">
            <displayName>Form</displayName>
            <description>The form this page is using</description>
            <status>required:true</status>
            <value>disciplinary_action</value>
          </configuration>
        </configurationGroup>
      </configurationGroup>
    </configurationGroup>
    <!-- End of /I2CE/page-->
    <configuration name="page_default" path="/modules/disciplinary_action/page_default">
      <value>editAction</value>
    </configuration>
  </configurationGroup>
</I2CEConfiguration>