<?xml version="1.0" encoding="utf-8"?>
<!DOCTYPE I2CEConfiguration SYSTEM "I2CE_Configuration.dtd">
<I2CEConfiguration name="ihris-manage-ApplicationAttachment" path="/I2CE">
  <metadata>
    <version>4.3.0</version>
  </metadata>
  <configurationGroup name="ihris-manage-ApplicationAttachment" path="/I2CE" locale="en_US">
    <version>4.3.0</version>
    <configurationGroup name="forms" path="/modules/forms">
      <configurationGroup name="formClasses">
        <configurationGroup name="iHRIS_PositionInterview">
          <configurationGroup name="fields">
            <configurationGroup name="record">
              <configuration name="headers" type="delimited" locale="en_US">
                <value>default:Interview Record</value>
              </configuration>
            </configurationGroup>
          </configurationGroup>
        </configurationGroup>
        <configurationGroup name="iHRIS_PositionDecision">
          <configurationGroup name="fields">
            <configurationGroup name="record">
              <configuration name="headers" type="delimited" locale="en_US">
                <value>default:Record of Decision</value>
              </configuration>
            </configurationGroup>
          </configurationGroup>
        </configurationGroup>
      </configurationGroup>
    </configurationGroup>
  </configurationGroup>
</I2CEConfiguration>