<?xml version="1.0" encoding="utf-8"?>
<!DOCTYPE I2CEConfiguration SYSTEM "I2CE_Configuration.dtd">
<I2CEConfiguration name="ManageAccessSupervisor">
  <metadata>
    <version>4.3.0</version>
  </metadata>
  <configurationGroup name="page" path="/I2CE/page" locale="en_US">
    <version>4.3.0</version>
    <configurationGroup name="supervisee">
      <configurationGroup name="args">
        <configuration name="title" values="single" locale="en_US" type="string">
          <value>Supervisee List</value>
        </configuration>
      </configurationGroup>
    </configurationGroup>
  </configurationGroup>
</I2CEConfiguration>