<?xml version="1.0" encoding="utf-8"?>
<!DOCTYPE I2CEConfiguration SYSTEM "I2CE_Configuration.dtd">
<I2CEConfiguration name="ihris-manage-Benefit" path="/I2CE">
  <metadata>
    <version>4.3.0.1</version>
  </metadata>
  <configurationGroup name="ihris-manage-Benefit" path="/I2CE" locale="es">
    <version>4.3.0.1</version>
    <configurationGroup name="invalid_formfield_message" path="/modules/forms/formfield_messages" locale="es">
      <configuration name="benefit_date" path="benefit/end_date/bad_date">
        <value>La fecha final debe ser posterior a la fecha inicial.</value>
      </configuration>
    </configurationGroup>
    <configurationGroup name="tasks" path="/I2CE/tasks/task_description" locale="es">
      <configuration name="person_can_view_child_form_benefit" locale="es">
        <value>Puede Visualizar el sub-formulario de Beneficios de una Persona</value>
      </configuration>
      <configuration name="person_can_edit_child_form_benefit" locale="es">
        <value>Puede Editar el sub-formulario de Beneficios de una Persona</value>
      </configuration>
      <configuration name="can_edit_database_list_benefit_type" locale="es">
        <value>Puede Editar la base de datos de Beneficios</value>
      </configuration>
      <configuration name="can_view_database_list_benefit_type" locale="es">
        <value>Puede Visualizar la base de datos de Beneficios</value>
      </configuration>
    </configurationGroup>
    <configurationGroup name="formsData" path="formsData/forms">
      <configurationGroup name="benefit_recurrence">
        <configurationGroup name="once">
          <configuration name="fields" value="many" type="delimited" locale="es">
            <value>name:Una vez</value>
          </configuration>
        </configurationGroup>
        <configurationGroup name="weekly">
          <configuration name="fields" value="many" type="delimited" locale="es">
            <value>name:Semanalmente</value>
          </configuration>
        </configurationGroup>
        <configurationGroup name="monthly">
          <configuration name="fields" value="many" type="delimited" locale="es">
            <value>name:Mensualmente</value>
          </configuration>
        </configurationGroup>
        <configurationGroup name="yearly">
          <configuration name="fields" value="many" type="delimited" locale="es">
            <value>name:Anualmente</value>
          </configuration>
        </configurationGroup>
      </configurationGroup>
    </configurationGroup>
    <configurationGroup name="page">
      <configurationGroup name="benefit">
        <configurationGroup name="args">
          <configuration name="title" values="single" locale="es">
            <value>Añadir / Actualizar Beneficios</value>
          </configuration>
        </configurationGroup>
      </configurationGroup>
    </configurationGroup>
    <configurationGroup name="forms" path="/modules/forms">
      <configurationGroup name="forms">
        <configurationGroup name="benefit">
          <configuration name="display" values="single" locale="es">
            <value>Beneficio</value>
          </configuration>
        </configurationGroup>
        <configurationGroup name="benefit_type">
          <configuration name="display" values="single" locale="es">
            <value>Tipo de Beneficio</value>
          </configuration>
        </configurationGroup>
        <configurationGroup name="benefit_recurrence">
          <configuration name="display" values="single" locale="es">
            <value>Recurrencia del Beneficio</value>
          </configuration>
        </configurationGroup>
      </configurationGroup>
      <configurationGroup name="formClasses">
        <configurationGroup name="iHRIS_Benefit">
          <configurationGroup name="fields">
            <configurationGroup name="type">
              <configuration name="headers" type="delimited" locale="es">
                <value>default:Tipo de Beneficio</value>
              </configuration>
            </configurationGroup>
            <configurationGroup name="amount">
              <configuration name="headers" type="delimited" locale="es">
                <value>default:Monto</value>
              </configuration>
            </configurationGroup>
            <configurationGroup name="source">
              <configuration name="headers" type="delimited" locale="es">
                <value>default:Fuente</value>
              </configuration>
            </configurationGroup>
            <configurationGroup name="start_date">
              <configuration name="headers" type="delimited" locale="es">
                <value>default:Fecha de inicio</value>
              </configuration>
            </configurationGroup>
            <configurationGroup name="end_date">
              <configuration name="headers" type="delimited" locale="es">
                <value>default:Fecha de finalización</value>
              </configuration>
            </configurationGroup>
            <configurationGroup name="recurrence">
              <configuration name="headers" type="delimited" locale="es">
                <value>default:Frecuencia de la Recurrencia</value>
              </configuration>
            </configurationGroup>
          </configurationGroup>
        </configurationGroup>
      </configurationGroup>
    </configurationGroup>
  </configurationGroup>
</I2CEConfiguration>