<?xml version="1.0" encoding="utf-8"?>
<!DOCTYPE I2CEConfiguration SYSTEM "I2CE_Configuration.dtd">
<I2CEConfiguration name="ihris-manage" path="/I2CE">
  <metadata>
    <version>4.3.3.0.1</version>
  </metadata>
  <configurationGroup name="ihris-manage" path="/I2CE" locale="uk">
    <version>4.3.0.1</version>
    <configurationGroup name="tasks" path="/I2CE/tasks/task_description">
      <configuration name="can_edit_planning_database_lists" locale="uk" values="single" type="string">
        <value>Можна змінити деякі планування списків баз даних</value>
      </configuration>
      <configuration name="can_view_planning_database_lists" locale="uk" values="single" type="string">
        <value>Можна переглянути деякі планування списків баз даних</value>
      </configuration>
      <configuration name="can_edit_all_planning_database_lists" locale="uk" values="single" type="string">
        <value>Можна редагувати всі планування списків баз даних</value>
      </configuration>
      <configuration name="can_view_all_planning_database_lists" locale="uk" values="single" type="string">
        <value>Можна переглянути всі планування списків баз даних</value>
      </configuration>
      <configuration name="can_edit_organization_database_lists" locale="uk" values="single" type="string">
        <value>Можете редагувати деякі організаційні списки баз даних</value>
      </configuration>
      <configuration name="can_view_organization_database_lists" locale="uk" values="single" type="string">
        <value>Можна подивитися деякі організаційні списки баз даних</value>
      </configuration>
      <configuration name="can_edit_all_organization_database_lists" locale="uk" values="single" type="string">
        <value>Може редагувати всі організаційні списки баз даних</value>
      </configuration>
      <configuration name="can_view_all_organization_database_lists" locale="uk" values="single" type="string">
        <value>Можна переглянути всі організаційні списки баз даних</value>
      </configuration>
      <configuration name="can_edit_employee_database_lists" locale="uk" values="single" type="string">
        <value>Можна змінити деякі списки баз даних співробітників</value>
      </configuration>
      <configuration name="can_view_employee_database_lists" locale="uk" values="single" type="string">
        <value>Можна подивитися деякі списки баз даних співробітників</value>
      </configuration>
      <configuration name="can_edit_all_employee_database_lists" locale="uk" values="single" type="string">
        <value>Може редагувати всі списки баз даних співробітників</value>
      </configuration>
      <configuration name="can_view_all_employee_database_lists" locale="uk" values="single" type="string">
        <value>Можна переглянути всі списки баз даних співробітників</value>
      </configuration>
      <configuration name="can_edit_position_database_lists" locale="uk" values="single" type="string">
        <value>Можна редагувати деякі списки баз даних посад</value>
      </configuration>
      <configuration name="can_view_position_database_lists" locale="uk" values="single" type="string">
        <value>Можна переглянути деякі списки баз даних посад</value>
      </configuration>
    </configurationGroup>
    <configurationGroup name="roles" path="/I2CE/formsData/forms/role">
      <configurationGroup name="hr_manager">
        <configurationGroup name="fields">
          <configuration name="name" values="single" locale="uk" type="string">
            <value>Менеджер з персоналу</value>
          </configuration>
        </configurationGroup>
      </configurationGroup>
      <configurationGroup name="hr_staff">
        <configurationGroup name="fields">
          <configuration name="name" values="single" locale="uk" type="string">
            <value>фахівець відділу кадрів</value>
          </configuration>
        </configurationGroup>
      </configurationGroup>
      <configurationGroup name="exec_manager">
        <configurationGroup name="fields">
          <configuration name="name" values="single" locale="uk" type="string">
            <value>Виконавчий директор</value>
          </configuration>
        </configurationGroup>
      </configurationGroup>
      <configurationGroup name="training_manager">
        <configurationGroup name="fields">
          <configuration name="name" values="single" locale="uk" type="string">
            <value>Менеджер з підготовки</value>
          </configuration>
        </configurationGroup>
      </configurationGroup>
    </configurationGroup>
    <configurationGroup name="page">
      <configurationGroup name="feedback">
        <configurationGroup name="args">
          <configuration name="title" values="single" locale="uk" type="string">
            <value>Надіслати відгук</value>
          </configuration>
        </configurationGroup>
      </configurationGroup>
      <configurationGroup name="manage">
        <configurationGroup name="args">
          <configuration name="title" values="single" locale="uk" type="string">
            <value>Керувати людьми</value>
          </configuration>
        </configurationGroup>
      </configurationGroup>
    </configurationGroup>
    <configurationGroup name="search_reports" path="/modules/CustomReports/search_reports">
      <configuration name="search_people" values="many" type="delimited" locale="uk">
        <value>name:Пошук людей</value>
        <value>description:Виявити які-небудь записи людини в системі для перегляду, друку або оновлення.</value>
      </configuration>
      <configuration name="position_list" values="many" type="delimited" locale="uk">
        <value>name:Пошук посад</value>
        <value>description:Виявити які-небудь записи посади в системі для перегляду, друку або оновлення.</value>
      </configuration>
    </configurationGroup>
  </configurationGroup>
</I2CEConfiguration>