<?xml version="1.0"?>
<!DOCTYPE I2CEConfiguration SYSTEM "I2CE_Configuration.dtd">
<I2CEConfiguration name="SampleData-id_type">
  <metadata>
    <displayName>Identification Type</displayName>
    <description>Sample Data for form: id_type</description>
    <version>4.3.0</version>
    <requirement name="PersonID">
      <atLeast version="4.0" />
    </requirement>
  </metadata>
  <configurationGroup name="SampleData-id_type" path="//I2CE/formsData/forms/id_type">
    <displayName>Export</displayName>
    <version>3.2.0</version>
    <configurationGroup name="1">
      <displayName>1</displayName>
      <configuration name="last_modified">
        <displayName>Last Modified</displayName>
        <value>2009-06-29 10:23:45</value>
      </configuration>
      <configuration name="who">
        <displayName>Who</displayName>
        <value>1</value>
      </configuration>
      <configurationGroup name="fields">
        <displayName>Fields</displayName>
        <configuration name="name">
          <displayName>Name</displayName>
          <value>Birth Certificate</value>
        </configuration>
      </configurationGroup>
    </configurationGroup>
    <configurationGroup name="2">
      <displayName>2</displayName>
      <configuration name="last_modified">
        <displayName>Last Modified</displayName>
        <value>2009-06-29 10:24:04</value>
      </configuration>
      <configuration name="who">
        <displayName>Who</displayName>
        <value>1</value>
      </configuration>
      <configurationGroup name="fields">
        <displayName>Fields</displayName>
        <configuration name="name">
          <displayName>Name</displayName>
          <value>National Health Identification Number</value>
        </configuration>
      </configurationGroup>
    </configurationGroup>
    <configurationGroup name="3">
      <displayName>3</displayName>
      <configuration name="last_modified">
        <displayName>Last Modified</displayName>
        <value>2009-06-29 10:24:18</value>
      </configuration>
      <configuration name="who">
        <displayName>Who</displayName>
        <value>1</value>
      </configuration>
      <configurationGroup name="fields">
        <displayName>Fields</displayName>
        <configuration name="name">
          <displayName>Name</displayName>
          <value>Passport Number</value>
        </configuration>
      </configurationGroup>
    </configurationGroup>
    <configurationGroup name="4">
      <displayName>4</displayName>
      <configuration name="last_modified">
        <displayName>Last Modified</displayName>
        <value>2009-06-29 10:24:29</value>
      </configuration>
      <configuration name="who">
        <displayName>Who</displayName>
        <value>1</value>
      </configuration>
      <configurationGroup name="fields">
        <displayName>Fields</displayName>
        <configuration name="name">
          <displayName>Name</displayName>
          <value>Social Security Number</value>
        </configuration>
      </configurationGroup>
    </configurationGroup>
  </configurationGroup>
</I2CEConfiguration>