<?xml version="1.0"?>
<!DOCTYPE I2CEConfiguration SYSTEM "I2CE_Configuration.dtd">
<I2CEConfiguration name="Uganda-manage-data-employment_terms">
  <metadata>
    <displayName>Uganda Manage data for employment terms.</displayName>
    <description>Data for form: employment_terms</description>
    <version>4.1.0.0</version>
    <path name="configs">
      <value>./configs</value>
    </path>
  </metadata>
  <configurationGroup name="Uganda-manage-data-employment_terms" path="/I2CE/formsData/forms/employment_terms">
    <displayName>Form data: employment_terms</displayName>
    <configurationGroup name="permanent">
      <displayName>permanent</displayName>
      <configuration name="last_modified">
        <displayName>Last Modified</displayName>
        <value>2011-03-25 09:57:03</value>
      </configuration>
      <configuration name="who">
        <displayName>Who</displayName>
        <value>1</value>
      </configuration>
      <configurationGroup name="fields">
        <displayName>Fields</displayName>
        <configuration name="name">
          <value>Permanent</value>
        </configuration>
      </configurationGroup>
    </configurationGroup>
    <configurationGroup name="probation">
      <displayName>probation</displayName>
      <configuration name="last_modified">
        <displayName>Last Modified</displayName>
        <value>2011-03-25 09:57:03</value>
      </configuration>
      <configuration name="who">
        <displayName>Who</displayName>
        <value>1</value>
      </configuration>
      <configurationGroup name="fields">
        <displayName>Fields</displayName>
        <configuration name="name">
          <value>Probation</value>
        </configuration>
      </configurationGroup>
    </configurationGroup>
    <configurationGroup name="contract">
      <displayName>contract</displayName>
      <configuration name="last_modified">
        <displayName>Last Modified</displayName>
        <value>2011-03-25 09:57:03</value>
      </configuration>
      <configuration name="who">
        <displayName>Who</displayName>
        <value>1</value>
      </configuration>
      <configurationGroup name="fields">
        <displayName>Fields</displayName>
        <configuration name="name">
          <value>Contract</value>
        </configuration>
      </configurationGroup>
    </configurationGroup>
  </configurationGroup>
</I2CEConfiguration>
