<?xml version="1.0"?>
<!DOCTYPE I2CEConfiguration SYSTEM "I2CE_Configuration.dtd">
<I2CEConfiguration name="ihris-manage-PersonReference">
  <metadata>
    <displayName>iHRIS Manage Application: Personal Reference</displayName>
    <className>iHRIS_Module_PersonReference</className>
    <category>Application</category>
    <description>The iHRIS Manage Application Personal Reference Module.</description>
    <creator>Intrahealth Informatics</creator>
    <email>hris@capacityproject.org</email>
    <link>https://launchpad.net/ihris-manage</link>
    <version>4.3.0</version>
    <path name="configs">
      <value>./configs</value>
    </path>
    <requirement name="ihris-manage-Application">
      <atLeast version="4.3" />
      <lessThan version="4.4" />
    </requirement>
    <requirement name="Person">
      <atLeast version="4.3" />
      <lessThan version="4.4" />
    </requirement>
    <path name="classes">
      <value>./lib</value>
    </path>
    <path name="templates">
      <value>./templates</value>
    </path>
    <priority>225</priority>
  </metadata>
  <configurationGroup name="ihris-manage-PersonReference" path="/I2CE">
    <displayName>iHRIS Manage Application: Personal Reference</displayName>
    <configurationGroup name="tasks" path="/I2CE/tasks/task_description" locale="en_US">
      <configuration name="person_can_view_child_form_person_reference" locale="en_US">
        <value>Can view personal reference child form of a person</value>
      </configuration>
      <configuration name="person_can_edit_child_form_person_reference" locale="en_US">
        <value>Can edit personal reference child forms of a person</value>
      </configuration>
    </configurationGroup>
    <configurationGroup name="tasks_trickle_down" path="/I2CE/tasks/task_trickle_down/">
      <configuration name="person_can_view_child_form_person_reference" values="many">
        <value>person_can_view</value>
      </configuration>
      <configuration name="person_can_edit_child_form_person_reference" values="many">
        <value>person_can_view_child_form_person_reference</value>
        <value>person_can_view</value>
      </configuration>
      <configuration name="person_can_view_child_forms" values="many">
        <value>person_can_view_child_form_person_reference</value>
      </configuration>
      <configuration name="person_can_edit_child_forms" values="many">
        <value>person_can_edit_child_form_person_reference</value>
      </configuration>
    </configurationGroup>
    <configurationGroup name="forms" path="/modules/forms">
      <displayName>Forms</displayName>
      <configurationGroup name="forms">
        <displayName>Forms available to the form factory</displayName>
        <description>Information about the forms made available by iHRIS-Common</description>
        <status>advanced:true</status>
        <status>required:true</status>
        <configurationGroup name="person_reference">
          <displayName>Personal Reference</displayName>
          <description>The Personal Reference Form</description>
          <configuration name="class" values="single">
            <displayName>Class Name</displayName>
            <description>The name of the class providing the form</description>
            <value>iHRIS_PersonReference</value>
          </configuration>
          <configuration name="display" values="single" locale="en_US">
            <displayName>Display name</displayName>
            <description>The display name for this form</description>
            <value>Personal Reference</value>
          </configuration>
        </configurationGroup>
        <configurationGroup name="person_meta" path="/modules/forms/forms/person/meta">
          <displayName>MetaData on the form</displayName>
          <configuration name="child_forms" values="many">
            <status>uniquemerge:true</status>
            <displayName>Child Forms</displayName>
            <value>person_reference</value>
          </configuration>
        </configurationGroup>
        <!-- person_meta -->
      </configurationGroup>
      <!-- end of /modules/forms/forms-->
      <configurationGroup name="formClasses">
        <displayName>Form Class Configuration</displayName>
        <configurationGroup name="iHRIS_PersonReference">
          <displayName>Configuration for the class 'iHRIS_PersonReference'</displayName>
          <configuration name="extends">
            <displayName>The class this form extends</displayName>
            <value>I2CE_Form</value>
          </configuration>
          <configurationGroup name="fields">
            <displayName>The fields defined for this form</displayName>
            <configurationGroup name="surname">
              <displayName>The field 'surname'</displayName>
              <configuration name="formfield">
                <displayName>The form field type</displayName>
                <value>STRING_LINE</value>
              </configuration>
              <configuration name="headers" type="delimited" locale="en_US">
                <displayName>The headers for this field.</displayName>
                <value>default:Surname</value>
              </configuration>
              <configuration name="required" type="boolean">
                <value>true</value>
              </configuration>
            </configurationGroup>
            <configurationGroup name="firstname">
              <displayName>The field 'firstname'</displayName>
              <configuration name="formfield">
                <displayName>The form field type</displayName>
                <value>STRING_LINE</value>
              </configuration>
              <configuration name="headers" type="delimited" locale="en_US">
                <displayName>The headers for this field.</displayName>
                <value>default:First Name</value>
              </configuration>
              <configuration name="required" type="boolean">
                <value>true</value>
              </configuration>
            </configurationGroup>
            <configurationGroup name="phone">
              <displayName>The field 'phone'</displayName>
              <configuration name="formfield">
                <displayName>The form field type</displayName>
                <value>STRING_LINE</value>
              </configuration>
              <configuration name="headers" type="delimited" locale="en_US">
                <displayName>The headers for this field.</displayName>
                <value>default:Phone</value>
              </configuration>
            </configurationGroup>
            <configurationGroup name="mobile">
              <displayName>The field 'mobile'</displayName>
              <configuration name="formfield">
                <displayName>The form field type</displayName>
                <value>STRING_LINE</value>
              </configuration>
              <configuration name="headers" type="delimited" locale="en_US">
                <displayName>The headers for this field.</displayName>
                <value>default:Mobile Phone</value>
              </configuration>
            </configurationGroup>
            <configurationGroup name="address">
              <displayName>The field 'address'</displayName>
              <configuration name="formfield">
                <displayName>The form field type</displayName>
                <value>STRING_MLINE</value>
              </configuration>
              <configuration name="headers" type="delimited" locale="en_US">
                <displayName>The headers for this field.</displayName>
                <value>default:Address</value>
              </configuration>
            </configurationGroup>
            <configurationGroup name="how_long">
              <displayName>The field 'how_long'</displayName>
              <configuration name="formfield">
                <displayName>The form field type</displayName>
                <value>STRING_LINE</value>
              </configuration>
              <configuration name="headers" type="delimited" locale="en_US">
                <displayName>The headers for this field.</displayName>
                <value>default:How long have you known this person?</value>
              </configuration>
            </configurationGroup>
          </configurationGroup>
        </configurationGroup>
        <!-- iHRIS_PersonReference -->
      </configurationGroup>
      <!-- End of form /modules/forms/formsClasses-->
    </configurationGroup>
    <!-- end of /modules/forms-->
    <configurationGroup name="page">
      <displayName>Pages</displayName>
      <description>Information about various pages made available by the system</description>
      <status>required:true</status>
      <configurationGroup name="person_reference">
        <displayName>Personal Reference Page</displayName>
        <description>The page 'person_reference' which has the action of: Add/Update Personal Reference</description>
        <configuration name="style" values="single">
          <displayName>Page Style</displayName>
          <description>The Page Style</description>
          <value>ihris_manage_page_form_parent_person</value>
        </configuration>
        <configurationGroup name="args">
          <displayName>Page Options</displayName>
          <description>The options that control the access and display of all pages</description>
          <configuration name="title" values="single" locale="en_US">
            <displayName>Page Title</displayName>
            <description>Page Title</description>
            <status>required:true</status>
            <value>Add/Update Personal Reference</value>
          </configuration>
          <configuration name="tasks" values="many">
            <value>person_can_edit_child_form_person_reference</value>
          </configuration>
          <configuration name="page_form" values="single">
            <displayName>Form</displayName>
            <description>The form this page is using</description>
            <status>required:true</status>
            <value>person_reference</value>
          </configuration>
        </configurationGroup>
      </configurationGroup>
    </configurationGroup>
  </configurationGroup>
</I2CEConfiguration>